company_name,postings_count,categories_spanned,cities_spanned,pct_salary_disclosed,pct_duplicate_ads,pct_of_total_postings,volume_rank
Jora Local,405,3,31,0.0,10.4,4.05,1
Private Advertiser,397,28,42,19.1,3.0,3.97,2
Hays Office Support,51,4,17,15.7,13.7,0.51,3
Robert Walters,42,8,7,85.7,0.0,0.42,4
HOBAN Recruitment,41,15,8,2.4,9.8,0.41,5
people2people,38,11,5,68.4,10.5,0.38,6
Hays Accountancy & Finance,38,1,7,15.8,26.3,0.38,7
Chandler Macleod Group,33,14,8,45.5,6.1,0.33,8
Randstad - Business Support,32,9,7,81.3,6.3,0.32,9
Hays Contact Centres,31,4,7,35.5,22.6,0.31,10
Sidekicker,31,4,5,12.9,38.7,0.31,11
Veritas Recruitment,30,6,2,40.0,20.0,0.3,12
Programmed Skilled Workforce,30,6,17,3.3,10.0,0.3,13
Robert Half Finance & Accounting,29,2,5,100.0,13.8,0.29,14
National Australia Bank,26,5,9,34.6,23.1,0.26,15
Perigon Group Pty Limited,25,6,3,40.0,20.0,0.25,16
Kelly Services,25,8,7,56.0,24.0,0.25,17
Wow Recruitment,25,9,6,68.0,16.0,0.25,18
Charterhouse,24,9,3,79.2,25.0,0.24,19
Hays Information Technology,24,1,9,20.8,8.3,0.24,20
Staff Australia Recruitment Services P/L,23,3,5,52.2,34.8,0.23,21
My Joblist,23,6,7,30.4,8.7,0.23,22
Adecco,22,6,4,31.8,0.0,0.22,23
Aldi Stores,21,2,13,14.3,0.0,0.21,24
Robert Half Technology,21,1,3,100.0,9.5,0.21,25
Smaart Recruitment,20,6,3,35.0,10.0,0.2,26
Manpower,20,8,6,50.0,0.0,0.2,27
Coles,19,5,7,5.3,0.0,0.19,28
Page Personnel Finance & Accounting,18,1,5,44.4,27.8,0.18,29
Sinclair Recruitment Pty Ltd,17,6,4,64.7,0.0,0.17,30
Fletcher Building Limited,17,7,10,11.8,0.0,0.17,31
FourQuarters Recruitment,17,6,2,35.3,0.0,0.17,32
Toll,17,4,10,23.5,0.0,0.17,33
u&u. Recruitment Partners,16,5,2,81.3,0.0,0.16,34
Broadspectrum (Australia) Pty Ltd,16,8,10,0.0,0.0,0.16,35
Mars Recruitment,15,5,3,80.0,13.3,0.15,36
Hays Talent Solutions,15,6,5,6.7,13.3,0.15,37
Davidson Corporate,14,6,1,0.0,0.0,0.14,38
Drake International,14,7,5,14.3,0.0,0.14,39
Hudson - Business Support,14,5,8,64.3,0.0,0.14,40
IPA,14,11,4,35.7,0.0,0.14,41
Page Personnel Office Support,14,3,4,7.1,0.0,0.14,42
Conquest Personnel P/L,14,7,2,57.1,14.3,0.14,43
Employment Office,13,10,7,100.0,0.0,0.13,44
Beyond Recruitment - Winner – Best Innovation –2018 Global Recruiter Awards,13,6,4,23.1,0.0,0.13,45
Healthcare Professionals Group,13,4,5,61.5,0.0,0.13,46
Luxottica Retail Aust Pty Ltd,13,2,8,92.3,0.0,0.13,47
McArthur,13,7,4,30.8,15.4,0.13,48
Complete Staff Solutions Pty Ltd,13,4,4,84.6,0.0,0.13,49
Action Workforce,13,1,3,61.5,0.0,0.13,50
Madison Recruitment Ltd,13,7,5,15.4,0.0,0.13,51
Transport for NSW,12,8,3,66.7,0.0,0.12,52
Bluefin Resources Pty Limited,12,8,2,83.3,0.0,0.12,53
Profusion PAC Pty Ltd,12,6,2,58.3,0.0,0.12,54
Hays Trades & Labour,12,3,6,8.3,25.0,0.12,55
ACRWORLD,12,7,2,75.0,0.0,0.12,56
Randstad - Industrial,12,2,6,50.0,16.7,0.12,57
Proforce,12,6,2,100.0,16.7,0.12,58
Design & Build,12,5,2,58.3,0.0,0.12,59
Harvey Norman,12,5,8,41.7,0.0,0.12,60
Labour Solutions Australia,12,4,5,50.0,0.0,0.12,61
GOUGH RECRUITMENT - REAL ESTATE | PROPERTY | DEVELOPMENT | CONSTRUCTION,12,2,5,50.0,0.0,0.12,62
Citrus Group Pty Ltd,11,3,1,63.6,27.3,0.11,63
Hallis,11,5,2,54.5,0.0,0.11,64
Spotless,11,5,9,9.1,0.0,0.11,65
Zoom Recruitment & Training,11,4,3,54.5,0.0,0.11,66
Compass Group,11,2,7,0.0,0.0,0.11,67
Programmed Professionals,11,6,3,18.2,0.0,0.11,68
Labourpower Recruitment Services Pty Ltd,11,2,4,45.5,36.4,0.11,69
Michael Page Accounting & Finance,11,2,3,54.5,18.2,0.11,70
Caltex Australia,11,2,7,0.0,0.0,0.11,71
Hays Facilities Management,11,4,7,9.1,36.4,0.11,72
Talent – Winner ‘Seek Large Recruitment Agency of the Year’ 3 consecutive years!,11,5,5,45.5,0.0,0.11,73
Ambition,11,3,3,54.5,0.0,0.11,74
AMP Services Limited,10,6,4,30.0,0.0,0.1,75
Fuse Recruitment,10,5,3,50.0,0.0,0.1,76
Travel Trade Recruitment ltd,10,2,4,100.0,0.0,0.1,77
News Corp Australia,10,7,3,10.0,0.0,0.1,78
Reo Group,10,3,1,100.0,20.0,0.1,79
Engage Personnel,10,4,1,80.0,0.0,0.1,80
Paxus,10,3,5,30.0,0.0,0.1,81
DFP Recruitment,10,4,6,40.0,0.0,0.1,82
Lendlease,10,5,5,0.0,0.0,0.1,83
Australian Government Department of Human Services,10,2,6,70.0,0.0,0.1,84
CLIMB Retail Recruitment,10,1,2,100.0,20.0,0.1,85
Franklin Smith Ltd,10,3,3,60.0,0.0,0.1,86
Ignite,10,6,5,60.0,0.0,0.1,87
RecruitShop,9,8,5,100.0,0.0,0.09,88
Lawson Elliott Recruitment,9,1,2,100.0,0.0,0.09,89
The Andersen Partnership,9,4,5,11.1,0.0,0.09,90
Mission Australia,9,2,7,66.7,0.0,0.09,91
AA Appointments,9,3,1,77.8,0.0,0.09,92
Pace Appointments,9,1,3,44.4,0.0,0.09,93
AWX Brisbane,9,2,4,33.3,0.0,0.09,94
Calendar Club,9,2,5,100.0,0.0,0.09,95
Amart Furniture,9,3,7,100.0,0.0,0.09,96
Sharp & Carter Finance and Accounting,9,1,1,44.4,44.4,0.09,97
Commonwealth Bank - Retail Banking Services,9,3,8,11.1,0.0,0.09,98
Kennedy Reid,9,5,2,100.0,0.0,0.09,99
The University of Queensland,9,7,2,77.8,22.2,0.09,100
OfficeTeam,9,4,3,100.0,0.0,0.09,101
Practical Labour Solutions,9,2,3,100.0,22.2,0.09,102
Australia Post Group,9,5,2,11.1,22.2,0.09,103
KPMG Australia,8,5,3,12.5,0.0,0.08,104
TwoScots Recruitment,8,2,1,62.5,0.0,0.08,105
Sharp & Carter Accounting Clerical,8,1,1,62.5,37.5,0.08,106
Logical Staffing Solutions,8,4,3,75.0,0.0,0.08,107
sharonbennie – Specialist Property Recruitment,8,3,3,62.5,0.0,0.08,108
Hays Marketing,8,3,4,25.0,0.0,0.08,109
Keegan Adams Recruitment Pty Ltd,8,2,2,87.5,0.0,0.08,110
Cater Care,8,2,4,0.0,0.0,0.08,111
Michael Page,8,2,3,37.5,0.0,0.08,112
CGC Recruitment,8,4,2,50.0,0.0,0.08,113
Spinifex Recruiting,8,5,5,62.5,0.0,0.08,114
Cornerstone HR,8,5,3,37.5,0.0,0.08,115
Richard Lloyd Accounting Recruitment,8,1,1,100.0,25.0,0.08,116
Australian Personnel Solutions,8,3,3,50.0,0.0,0.08,117
Sharp & Carter Finance and Accounting Sydney,8,1,1,62.5,0.0,0.08,118
JLL,8,2,5,0.0,25.0,0.08,119
MJD Executive,7,3,2,28.6,0.0,0.07,120
Beaumont People,7,4,3,57.1,0.0,0.07,121
NetYourJob,7,4,4,0.0,0.0,0.07,122
1st Call Recruitment,7,2,3,0.0,0.0,0.07,123
Aston Carter,7,4,2,0.0,0.0,0.07,124
Six Degrees Executive Pty Ltd,7,2,3,14.3,0.0,0.07,125
Flight Centre Travel Group,7,4,5,57.1,0.0,0.07,126
Clicks IT Recruitment (NSW),7,2,1,28.6,0.0,0.07,127
legal eagles,7,2,3,100.0,28.6,0.07,128
Workforce International Pty Ltd,7,3,3,0.0,0.0,0.07,129
Cox Purtell Staffing Services,7,4,1,100.0,28.6,0.07,130
Estia Health,7,5,4,0.0,0.0,0.07,131
M&T Resources,7,2,3,42.9,0.0,0.07,132
Insync Personnel,7,1,2,57.1,0.0,0.07,133
"Randstad - Sales, Marketing & Communications",7,5,4,71.4,0.0,0.07,134
Real Estate Career Developers,7,2,1,85.7,0.0,0.07,135
LOVISA,7,1,4,0.0,0.0,0.07,136
Suncorp,7,4,3,42.9,0.0,0.07,137
Capstone Recruitment Group Pty Ltd,7,3,2,42.9,0.0,0.07,138
Labourforce,7,3,6,42.9,0.0,0.07,139
Adecco Civil & Construction,7,2,2,0.0,28.6,0.07,140
Marshall McAdam,7,3,2,0.0,42.9,0.07,141
face2face Recruitment,7,3,4,85.7,0.0,0.07,142
Quay Appointments,7,7,2,57.1,0.0,0.07,143
Advanced Personnel Management,7,6,5,42.9,0.0,0.07,144
TFE Hotels,7,1,1,0.0,0.0,0.07,145
Employ,7,6,2,0.0,0.0,0.07,146
WorkPac - Professional,7,3,5,14.3,0.0,0.07,147
Serco Asia Pacific,7,6,4,42.9,0.0,0.07,148
Marble,7,2,3,100.0,57.1,0.07,149
Greythorn Experis,7,2,2,42.9,0.0,0.07,150
Lotus People,7,2,2,71.4,0.0,0.07,151
The Recruitment Company,7,4,2,85.7,0.0,0.07,152
BTA SALES PTY LTD,7,3,2,100.0,28.6,0.07,153
Launch Recruitment Pty Ltd,7,3,2,42.9,0.0,0.07,154
Sharp & Carter Business Support,7,2,2,85.7,28.6,0.07,155
Platinum Staff,7,1,2,14.3,0.0,0.07,156
TSHR – Trak and Scarlett,7,3,5,14.3,0.0,0.07,157
HealthShare NSW,6,5,3,83.3,0.0,0.06,158
Foxtel Management Pty Limited,6,2,1,0.0,0.0,0.06,159
RSEA Safety,6,2,5,0.0,0.0,0.06,160
FutureYou,6,5,2,83.3,0.0,0.06,161
Repco Australia - A Division of GPC Asia Pacific,6,2,5,83.3,0.0,0.06,162
Just Group,6,2,3,83.3,0.0,0.06,163
Downer EDI Limited,6,4,4,33.3,0.0,0.06,164
H2R Consulting,6,5,2,16.7,0.0,0.06,165
TNT,6,1,6,0.0,0.0,0.06,166
Optus,6,4,2,33.3,0.0,0.06,167
Momentum Consulting Group,6,5,3,0.0,0.0,0.06,168
Tecside Group,6,2,5,33.3,0.0,0.06,169
Shaver Shop Pty Ltd,6,1,4,0.0,0.0,0.06,170
The Australian National University,6,2,2,100.0,0.0,0.06,171
Macquarie Group Limited,6,3,1,33.3,0.0,0.06,172
The Recruitment Alternative,6,4,5,33.3,0.0,0.06,173
Aftercare Ltd,6,2,2,0.0,0.0,0.06,174
BMS Sales Performance,6,1,3,100.0,0.0,0.06,175
Technical Recruitment Solutions,6,4,3,0.0,0.0,0.06,176
AGL Energy,6,3,2,0.0,0.0,0.06,177
Symmetry HR –  VIC Commercial,6,2,1,100.0,0.0,0.06,178
Target Australia Pty Ltd,6,3,5,0.0,0.0,0.06,179
Ooh!,6,3,3,50.0,0.0,0.06,180
PETstock,6,2,5,0.0,0.0,0.06,181
Specsavers,6,2,4,0.0,0.0,0.06,182
Randstad - Education,6,1,3,100.0,33.3,0.06,183
The University of Sydney,6,4,1,100.0,0.0,0.06,184
Uniting NSW & ACT,6,3,1,0.0,0.0,0.06,185
Forsythes Recruitment,6,3,3,83.3,0.0,0.06,186
Gough Recruitment - Real Estate | Property | Development | Construction,6,3,3,16.7,0.0,0.06,187
TactiCall Recruitment Services,6,2,1,100.0,66.7,0.06,188
Jora New Zealand,6,1,4,0.0,0.0,0.06,189
EST10,6,1,1,100.0,66.7,0.06,190
AccountAbility,6,2,2,66.7,0.0,0.06,191
Sugarman Australia,6,2,2,100.0,0.0,0.06,192
CSG Talent,6,4,2,50.0,0.0,0.06,193
"Randstad - Construction, Property & Engineering",6,4,3,83.3,0.0,0.06,194
Moir Group,6,2,1,66.7,0.0,0.06,195
Northbridge Recruitment,6,4,2,66.7,0.0,0.06,196
4TWENTY Consulting,6,3,1,0.0,0.0,0.06,197
RETAIL SERVICES,6,2,5,0.0,0.0,0.06,198
Westpac Group,6,2,2,0.0,0.0,0.06,199
Finite IT Recruitment Solutions,6,2,3,33.3,0.0,0.06,200
Woolworths Group,6,5,1,16.7,0.0,0.06,201
Tusk Group,6,4,1,50.0,0.0,0.06,202
Monash University,6,4,1,100.0,0.0,0.06,203
Origin,6,5,2,0.0,0.0,0.06,204
Department for Education,6,3,1,0.0,33.3,0.06,205
Hays Construction,5,2,3,0.0,0.0,0.05,206
Constructive Recruitment Pty Ltd,5,3,2,80.0,0.0,0.05,207
Talenza,5,3,1,80.0,0.0,0.05,208
Iconic Recruit,5,1,3,0.0,0.0,0.05,209
Sodexo,5,3,4,20.0,0.0,0.05,210
Robert Half Internal Opportunities,5,1,3,80.0,0.0,0.05,211
Life Without Barriers,5,1,5,20.0,0.0,0.05,212
JIVARO recruitment,5,3,3,100.0,0.0,0.05,213
Coca-Cola Amatil,5,3,2,0.0,0.0,0.05,214
Apple,5,1,2,0.0,0.0,0.05,215
Uniting AgeWell,5,3,1,0.0,60.0,0.05,216
IOOF Holdings Ltd,5,2,4,0.0,0.0,0.05,217
National Hearing Care,5,2,4,0.0,0.0,0.05,218
Boral Ltd,5,2,4,0.0,0.0,0.05,219
Delaware North,5,3,2,0.0,0.0,0.05,220
Corestaff Perth,5,3,2,0.0,40.0,0.05,221
Assistant Sydney | We Only Do Office Support,5,1,1,20.0,0.0,0.05,222
Bupa Aged Care Australia,5,3,5,0.0,0.0,0.05,223
Salexo Consulting,5,2,3,100.0,0.0,0.05,224
Costco Wholesale,5,1,4,0.0,0.0,0.05,225
JOB CONNECT P/L,5,3,4,20.0,0.0,0.05,226
Health Support Queensland,5,3,3,20.0,0.0,0.05,227
Morgan Consulting,5,5,2,80.0,0.0,0.05,228
Talentpath,5,4,3,40.0,0.0,0.05,229
HorizonOne Recruitment,5,3,2,80.0,0.0,0.05,230
Mercy Health,5,3,2,0.0,0.0,0.05,231
Findmea Pty Ltd,5,3,3,80.0,0.0,0.05,232
Talent Realised,5,3,2,60.0,0.0,0.05,233
Western Health,5,3,1,0.0,0.0,0.05,234
Austcorp Executive,5,4,2,100.0,0.0,0.05,235
Page Personnel Logistics & Operations,5,1,3,0.0,0.0,0.05,236
Mitre 10,5,2,4,0.0,0.0,0.05,237
Australian Rail Track Corporation,5,4,4,0.0,0.0,0.05,238
FinXL IT Professional Services,5,2,2,0.0,0.0,0.05,239
Lendi,5,3,1,40.0,80.0,0.05,240
Endeavour Foundation,5,5,4,80.0,0.0,0.05,241
Assign Recruitment Pty Ltd,5,4,1,100.0,0.0,0.05,242
Michael Page Sales,5,2,2,60.0,0.0,0.05,243
Pinnacle People - Melbourne,5,3,2,20.0,0.0,0.05,244
Pickles Auctions P/L,5,5,3,0.0,0.0,0.05,245
Reece Australia Pty Ltd,5,2,5,0.0,0.0,0.05,246
Roc Consulting,5,3,3,100.0,0.0,0.05,247
Randstad - Contact Centre,5,2,2,20.0,40.0,0.05,248
Absolute IT Limited,5,2,3,40.0,0.0,0.05,249
The Next Step,5,1,2,80.0,0.0,0.05,250
Strategy One Human Resources,5,2,3,60.0,0.0,0.05,251
EG Group,5,2,4,0.0,0.0,0.05,252
Michael Page Information Technology,5,2,3,80.0,0.0,0.05,253
Arcaid Pty Ltd,5,3,3,0.0,0.0,0.05,254
EML,5,3,2,100.0,0.0,0.05,255
Page Personnel Customer Service,5,3,2,40.0,0.0,0.05,256
Baby Bunting,5,2,4,20.0,0.0,0.05,257
HenderCare,5,2,4,60.0,0.0,0.05,258
National Workforce,5,4,4,100.0,0.0,0.05,259
Enterprise Recruitment,5,4,2,100.0,0.0,0.05,260
Core Talent PTY LTD,5,4,1,100.0,0.0,0.05,261
Frontline Human Resources,5,4,2,80.0,0.0,0.05,262
TABCORP,5,4,2,40.0,0.0,0.05,263
Western Power,5,5,1,0.0,0.0,0.05,264
TRS - Public Sector,5,3,2,80.0,0.0,0.05,265
Lake Macquarie City Council,5,4,3,60.0,0.0,0.05,266
Spinal Life Australia,5,2,3,100.0,0.0,0.05,267
Succession Recruitment,5,1,1,80.0,0.0,0.05,268
Inject Pty Ltd,5,5,2,0.0,0.0,0.05,269
Fujitsu Australia Limited,5,4,2,0.0,0.0,0.05,270
AUSTRALIAN FEDERAL POLICE,5,1,4,100.0,0.0,0.05,271
bestresources Recruitment & Consulting,5,2,2,0.0,80.0,0.05,272
Aim Big Employment,5,4,4,20.0,0.0,0.05,273
Australia Wide Personnel P/L,5,4,1,60.0,0.0,0.05,274
Landscape Solutions,5,1,4,0.0,0.0,0.05,275
PFD Food Services Pty Ltd,5,1,4,0.0,0.0,0.05,276
Employsure,5,3,4,40.0,0.0,0.05,277
Victoria Police,5,2,3,0.0,0.0,0.05,278
Metro Trains Melbourne,5,4,1,0.0,0.0,0.05,279
Westpac Consumer and Business Bank,5,1,5,0.0,0.0,0.05,280
Opus Recruitment Solutions,5,3,2,100.0,0.0,0.05,281
City Facilities Management,5,4,1,60.0,40.0,0.05,282
Camp Australia,5,2,4,80.0,0.0,0.05,283
Michael Page Digital,5,3,3,80.0,0.0,0.05,284
Credit Union Australia Ltd,5,3,1,0.0,40.0,0.05,285
Tenacity CX,5,2,1,0.0,40.0,0.05,286
Sonic HealthPlus,5,2,4,100.0,0.0,0.05,287
RMIT University,5,4,1,20.0,0.0,0.05,288
genU,5,1,3,100.0,0.0,0.05,289
Davidson Projects & Operations,5,3,4,0.0,0.0,0.05,290
Randstad - Banking & Finance,5,4,2,100.0,0.0,0.05,291
The Salvation Army,5,3,3,0.0,0.0,0.05,292
Hays Banking,5,2,2,60.0,0.0,0.05,293
Colliers International,5,3,1,0.0,40.0,0.05,294
Sharp & Carter Sales and Marketing,4,2,1,50.0,0.0,0.04,295
Corestaff Melbourne,4,2,2,100.0,0.0,0.04,296
Direct Freight Express,4,1,3,100.0,50.0,0.04,297
ASTAR Recruitment,4,1,2,50.0,0.0,0.04,298
AA Appointments Melbourne,4,1,2,100.0,0.0,0.04,299
"Department of Planning, Industry and Environment",4,3,3,50.0,0.0,0.04,300
Swan Hill Rural City Council,4,3,1,100.0,0.0,0.04,301
Bendigo and Adelaide Bank,4,2,3,25.0,0.0,0.04,302
Merivale,4,2,1,0.0,0.0,0.04,303
S2M,4,2,1,75.0,0.0,0.04,304
Alexander Appointments,4,3,1,50.0,0.0,0.04,305
Mornington Peninsula Shire Council,4,3,1,0.0,0.0,0.04,306
Ashdown People,4,3,2,0.0,0.0,0.04,307
The Royal Children's Hospital,4,3,2,0.0,0.0,0.04,308
Australian Red Cross Blood Service - H/O,4,3,4,0.0,0.0,0.04,309
Extrastaff,4,3,4,0.0,0.0,0.04,310
"Peppers Retreats, Resorts and Hotels",4,1,4,0.0,0.0,0.04,311
UnitingSA,4,3,1,0.0,0.0,0.04,312
NSW Health Pathology,4,1,3,100.0,0.0,0.04,313
WSP,4,4,3,0.0,0.0,0.04,314
Melbourne Health,4,4,1,0.0,0.0,0.04,315
Davidson Technology,4,1,1,0.0,0.0,0.04,316
Lawson Delaney,4,3,1,50.0,0.0,0.04,317
Randstad - Commercial,4,3,2,75.0,0.0,0.04,318
SustainAbility Consulting,4,2,1,25.0,0.0,0.04,319
Matchworks,4,1,4,100.0,0.0,0.04,320
NSW Treasury,4,3,1,100.0,0.0,0.04,321
Sarina Russo Group,4,2,3,0.0,0.0,0.04,322
2evolve Pty Ltd,4,2,2,100.0,0.0,0.04,323
Kailis Bros Pty Ltd,4,2,1,0.0,0.0,0.04,324
Alpha Recruitment - NZ,4,4,1,0.0,0.0,0.04,325
Darebin City Council,4,3,1,75.0,50.0,0.04,326
Woods & Co,4,2,2,100.0,0.0,0.04,327
Mainfreight,4,1,3,0.0,0.0,0.04,328
Sirius Support part of Sirius People Pty Ltd,4,2,2,100.0,0.0,0.04,329
Hudson,4,3,2,50.0,0.0,0.04,330
BankSA,4,1,1,0.0,0.0,0.04,331
Qudos Recruitment Pty Ltd,4,4,1,0.0,0.0,0.04,332
Verve Portraits,4,2,3,0.0,0.0,0.04,333
TASTY FRESH PTY LTD,4,1,3,0.0,0.0,0.04,334
Pacific National,4,2,2,75.0,0.0,0.04,335
B & K Consulting,4,3,2,75.0,0.0,0.04,336
Salt & Shein,4,2,1,0.0,0.0,0.04,337
GRANITE CONSULTING,4,1,3,0.0,0.0,0.04,338
Tradestaff,4,2,1,0.0,0.0,0.04,339
Equifax Australia,4,2,2,100.0,0.0,0.04,340
Tip Top,4,3,2,0.0,0.0,0.04,341
Recruitmore,4,1,1,25.0,0.0,0.04,342
Harvey Nash,4,2,1,50.0,0.0,0.04,343
ANZ,4,1,3,0.0,0.0,0.04,344
Probe Group,4,2,1,0.0,0.0,0.04,345
Pivotal Personnel Pty Ltd,4,2,1,0.0,50.0,0.04,346
Fortescue Metals Group Ltd,4,3,3,25.0,0.0,0.04,347
St.George Bank,4,1,2,0.0,0.0,0.04,348
Fulton Hogan,4,4,3,0.0,0.0,0.04,349
HCF Australia,4,1,3,25.0,0.0,0.04,350
City of Gold Coast,4,2,2,0.0,0.0,0.04,351
Excel Recruitment,4,4,2,100.0,50.0,0.04,352
AJ Recruitment,4,3,2,25.0,0.0,0.04,353
Stream Consulting Group,4,2,2,100.0,0.0,0.04,354
Karlka Recruiting Group,4,2,4,0.0,0.0,0.04,355
Maurice Blackburn Lawyers,4,3,3,25.0,0.0,0.04,356
Beyond Bank,4,3,2,0.0,0.0,0.04,357
PwC,4,2,2,0.0,0.0,0.04,358
Oranga Tamariki,4,2,4,0.0,0.0,0.04,359
Western Sydney University,4,4,1,0.0,0.0,0.04,360
Telstra,4,3,1,0.0,0.0,0.04,361
Beacon Lighting,4,1,3,100.0,50.0,0.04,362
Legal People,4,2,2,100.0,0.0,0.04,363
Adecco Industrial,4,2,2,50.0,0.0,0.04,364
GO2 Recruitment,4,2,3,50.0,0.0,0.04,365
Ivory Group,4,4,1,75.0,0.0,0.04,366
Griffith University,4,2,2,100.0,0.0,0.04,367
Frontline Human Resources QLD,4,2,2,50.0,0.0,0.04,368
Ingenia Communities,4,3,4,100.0,0.0,0.04,369
UniSuper Management Pty Ltd,4,1,1,25.0,0.0,0.04,370
BGIS,4,3,3,0.0,0.0,0.04,371
NGO Recruitment Pty Ltd,4,3,2,25.0,0.0,0.04,372
Kmart,4,3,2,0.0,0.0,0.04,373
Kingfisher Recruitment,4,3,2,75.0,0.0,0.04,374
APG,4,2,2,0.0,0.0,0.04,375
Virgin Active,4,3,1,25.0,0.0,0.04,376
Sharp & Carter South East Melbourne,4,1,1,25.0,0.0,0.04,377
Programmed,4,3,3,0.0,0.0,0.04,378
Building Careers Australia,4,3,3,0.0,0.0,0.04,379
2XM Technology Pty Ltd,4,2,1,75.0,0.0,0.04,380
Peoplebank Australia NSW,4,2,1,0.0,0.0,0.04,381
Australian Unity,4,4,4,25.0,0.0,0.04,382
Amana Living,4,3,1,0.0,0.0,0.04,383
W Talent,4,2,3,100.0,0.0,0.04,384
Apex Careers,4,1,4,100.0,0.0,0.04,385
RACV,4,2,2,50.0,0.0,0.04,386
TMS Talent,4,2,3,75.0,0.0,0.04,387
GHD Pty Ltd,4,3,4,0.0,0.0,0.04,388
Options in Finance,4,4,1,25.0,0.0,0.04,389
Thales Australia & New Zealand,4,4,2,0.0,0.0,0.04,390
Japara Healthcare,4,3,1,0.0,0.0,0.04,391
MSS Security,4,2,3,0.0,0.0,0.04,392
Defence Force Recruiting,4,4,3,100.0,0.0,0.04,393
Denovo Recruitment,4,3,2,75.0,0.0,0.04,394
Randstad Technologies,4,2,2,25.0,0.0,0.04,395
Xero,4,3,4,25.0,0.0,0.04,396
Tennis Australia,4,3,3,75.0,0.0,0.04,397
Linfox Australia,4,2,3,25.0,0.0,0.04,398
Edge Personnel,4,3,1,0.0,0.0,0.04,399
Hays Policy & Strategy,4,1,2,25.0,0.0,0.04,400
Monica Clare Recruitment,4,4,2,50.0,0.0,0.04,401
Alseasons Hospitality Staff,4,1,1,100.0,0.0,0.04,402
Ethos BeathChapman,4,3,1,50.0,0.0,0.04,403
Supagas,4,2,3,75.0,0.0,0.04,404
Officeworks Ltd,4,2,2,0.0,0.0,0.04,405
TWHC,4,2,4,0.0,0.0,0.04,406
Commonwealth Bank - Financial Services,4,2,1,0.0,0.0,0.04,407
The University Of Melbourne,4,2,1,75.0,0.0,0.04,408
Allianz Australia Insurance Ltd,4,2,4,0.0,0.0,0.04,409
Dixon Appointments,4,4,1,100.0,0.0,0.04,410
Lion,4,4,3,0.0,0.0,0.04,411
Findex,4,2,3,0.0,0.0,0.04,412
Hudson - Accounting Support,4,1,2,50.0,0.0,0.04,413
Stockland,4,4,2,0.0,0.0,0.04,414
ProQuest Recruitment  - Dandenong,4,3,1,100.0,0.0,0.04,415
Scene to Believe,4,1,3,50.0,0.0,0.04,416
Department of Education,4,4,3,50.0,0.0,0.04,417
RETAILWORLD RESOURCING,4,1,3,25.0,0.0,0.04,418
AXR Recruitment & Search,4,1,1,75.0,0.0,0.04,419
Concept Engineering,4,3,3,25.0,0.0,0.04,420
KBR - Kellogg Brown & Root Pty Ltd,4,3,3,0.0,0.0,0.04,421
Maxima Tempskill,4,4,4,50.0,0.0,0.04,422
Bolton Clarke,4,3,2,0.0,0.0,0.04,423
Southwest Recruitment,4,4,1,100.0,0.0,0.04,424
ABC,4,3,3,25.0,0.0,0.04,425
Hospoworld Resourcing,4,1,3,75.0,0.0,0.04,426
Chemist Warehouse,4,4,3,0.0,0.0,0.04,427
Kaleidoscope Legal Recruitment,4,1,1,50.0,0.0,0.04,428
"Oaks Hotels, Resorts and Suites",4,1,4,25.0,0.0,0.04,429
Miller Leith,4,3,2,0.0,0.0,0.04,430
Fisher Leadership,3,2,1,0.0,0.0,0.03,431
Bespoke Careers,3,3,2,100.0,0.0,0.03,432
Mater Group,3,3,1,0.0,0.0,0.03,433
Airservices Australia,3,2,3,66.7,0.0,0.03,434
Catering Industries,3,1,2,0.0,0.0,0.03,435
empire legal,3,1,2,100.0,0.0,0.03,436
Wesley Mission,3,2,2,0.0,0.0,0.03,437
Marble Construction,3,2,1,100.0,0.0,0.03,438
Maribyrnong City Council,3,3,1,0.0,0.0,0.03,439
QBE,3,3,1,33.3,0.0,0.03,440
TRS - IT & Communications,3,1,2,100.0,0.0,0.03,441
St John of God Hauora Trust,3,2,2,66.7,0.0,0.03,442
Open Door Recruitment & Development,3,2,2,66.7,0.0,0.03,443
Stellar Recruitment,3,2,3,66.7,0.0,0.03,444
One Key Resources Pty Ltd,3,1,3,33.3,0.0,0.03,445
SG Fleet Australia Pty Ltd,3,1,2,0.0,0.0,0.03,446
RACT,3,2,2,0.0,0.0,0.03,447
WesTrac Pty Ltd,3,2,2,66.7,0.0,0.03,448
Snooze Management Pty Ltd,3,2,3,66.7,0.0,0.03,449
Dentons Australia Ltd,3,2,2,0.0,0.0,0.03,450
YMCA,3,2,2,0.0,0.0,0.03,451
WorkPac - Perth,3,3,2,100.0,0.0,0.03,452
Salient Group,3,1,2,66.7,0.0,0.03,453
Imagine your career with Churches of Christ,3,3,2,0.0,0.0,0.03,454
Uniting (Victoria and Tasmania) Limited,3,1,1,0.0,0.0,0.03,455
Online Education Services,3,2,1,0.0,0.0,0.03,456
Ampersand International,3,2,2,0.0,0.0,0.03,457
Your Resourcing Group Pty Ltd,3,2,1,0.0,0.0,0.03,458
Anglicare,3,1,1,0.0,0.0,0.03,459
Impex Personnel,3,1,2,33.3,0.0,0.03,460
Ensure Recruitment - Seek Award Winner - Best Small Specialist,3,1,1,66.7,0.0,0.03,461
Green Light PS Pty Ltd,3,1,2,0.0,0.0,0.03,462
Dental Corporation Pty Ltd,3,1,2,0.0,0.0,0.03,463
Bloomfield Tremayne & Partners,3,2,1,33.3,0.0,0.03,464
Icon Group,3,2,3,33.3,0.0,0.03,465
Concentrix Services Pty Ltd,3,2,1,0.0,0.0,0.03,466
KLC Recruitment Pty Ltd,3,3,1,0.0,0.0,0.03,467
Activ,3,3,1,66.7,0.0,0.03,468
Bidfood Australia Ltd,3,2,3,0.0,0.0,0.03,469
Peoplebank Australia VIC,3,2,1,0.0,0.0,0.03,470
Northern Sydney Local Health District,3,2,1,0.0,0.0,0.03,471
Servcorp Limited,3,2,2,100.0,0.0,0.03,472
National Disability Insurance Scheme,3,2,2,0.0,0.0,0.03,473
Johnson Recruitment,3,3,1,100.0,0.0,0.03,474
Review,3,1,2,33.3,0.0,0.03,475
Gatehouse Legal Recruitment,3,1,1,100.0,0.0,0.03,476
MLC,3,2,1,0.0,0.0,0.03,477
Powerhouse Museum,3,2,1,100.0,0.0,0.03,478
BOQ OMB,3,1,1,0.0,0.0,0.03,479
Cobalt Consulting NZ Limited,3,1,2,66.7,0.0,0.03,480
News Regional Media,3,2,3,0.0,0.0,0.03,481
Helloworld Travel Limited,3,2,3,0.0,0.0,0.03,482
Transdev Australasia Pty Ltd,3,3,2,66.7,0.0,0.03,483
Talent – Winner Seek Medium Recruitment Agency of the year 4 years running,3,1,1,0.0,0.0,0.03,484
Aspect Personnel,3,2,1,33.3,0.0,0.03,485
Department of Premier and Cabinet,3,2,1,100.0,0.0,0.03,486
Synergy,3,3,2,33.3,0.0,0.03,487
IHG,3,3,2,0.0,0.0,0.03,488
Professional Search Group,3,2,2,33.3,0.0,0.03,489
Hindmarsh,3,2,1,0.0,66.7,0.03,490
Queensland Rail,3,2,1,0.0,0.0,0.03,491
White Now Consulting,3,1,3,0.0,0.0,0.03,492
Retail Therapy Recruiting,3,2,2,100.0,0.0,0.03,493
Talent Connect Australia,3,2,1,66.7,0.0,0.03,494
Robert Half Management Resources,3,1,2,100.0,0.0,0.03,495
ST VINCENT'S HOSPITAL SYDNEY,3,2,1,0.0,0.0,0.03,496
PKL Recruitment,3,3,1,33.3,0.0,0.03,497
University of South Australia,3,3,1,66.7,0.0,0.03,498
WSP Australia Pty Limited,3,2,3,0.0,0.0,0.03,499
Motion Recruitment,3,3,3,66.7,0.0,0.03,500
Knox Grammar School,3,2,1,0.0,0.0,0.03,501
Animal Welfare League NSW,3,2,1,33.3,0.0,0.03,502
ThompsonCook | We Only Do Accounting,3,2,1,0.0,0.0,0.03,503
Department of Defence,3,1,3,100.0,0.0,0.03,504
Workmates Australia,3,2,1,100.0,0.0,0.03,505
UASG,3,1,2,0.0,0.0,0.03,506
French Connection,3,1,3,100.0,0.0,0.03,507
Kelly Services – Melbourne,3,2,1,66.7,0.0,0.03,508
City of Melville,3,3,1,0.0,0.0,0.03,509
Kathmandu,3,1,2,100.0,0.0,0.03,510
Randstad - Accounting,3,2,2,66.7,0.0,0.03,511
IAG,3,2,1,0.0,0.0,0.03,512
Best & Less,3,2,2,33.3,0.0,0.03,513
Estee Lauder P/L,3,1,2,0.0,0.0,0.03,514
Langham Hotel Melbourne,3,1,1,0.0,0.0,0.03,515
Seed,3,2,2,66.7,0.0,0.03,516
Myer,3,3,1,100.0,0.0,0.03,517
Anteo Recruitment Group Pty Ltd,3,2,1,100.0,0.0,0.03,518
Taking Shape,3,1,3,100.0,0.0,0.03,519
Agri Labour Australia,3,3,3,100.0,0.0,0.03,520
Superior Personnel Ltd,3,2,2,0.0,0.0,0.03,521
GenesisCare,3,1,3,0.0,0.0,0.03,522
Stellar Asia Pacific,3,1,2,0.0,0.0,0.03,523
"Data#3 People Solutions",3,1,3,33.3,0.0,0.03,524
Spring Professional Ltd,3,3,2,33.3,0.0,0.03,525
Porterallen Sydney,3,3,1,0.0,0.0,0.03,526
anzuk Education,3,1,2,0.0,0.0,0.03,527
Randstad – Internal Recruitment,3,1,1,100.0,66.7,0.03,528
Extrastaff Marion,3,1,1,66.7,100.0,0.03,529
PRA,3,2,3,66.7,0.0,0.03,530
Michael Hill Jeweller,3,1,3,0.0,0.0,0.03,531
Trojan Recruitment Group - Adelaide,3,1,1,33.3,0.0,0.03,532
NSW Police Force,3,2,2,100.0,0.0,0.03,533
Frontline Retail Brisbane,3,1,1,100.0,0.0,0.03,534
Aston Advantage,3,2,2,100.0,0.0,0.03,535
Chanel (Australia) Pty Ltd,3,2,2,0.0,66.7,0.03,536
Ventia Pty Ltd,3,3,2,0.0,0.0,0.03,537
Cash Converters Pty Ltd,3,3,2,0.0,0.0,0.03,538
WorkSafe Victoria,3,1,2,0.0,0.0,0.03,539
Evolve Scientific Recruitment,3,3,2,33.3,0.0,0.03,540
Australian Taxation Office,3,2,3,0.0,0.0,0.03,541
St John of God Health Care Inc,3,2,3,0.0,0.0,0.03,542
Ryman Healthcare,3,3,3,0.0,0.0,0.03,543
Nucleus Network Ltd,3,2,2,0.0,0.0,0.03,544
Barwon Health,3,1,1,0.0,0.0,0.03,545
The Hassett Group,3,3,1,100.0,0.0,0.03,546
AHS Hospitality,3,1,2,0.0,66.7,0.03,547
City of Armadale,3,3,1,66.7,0.0,0.03,548
Wellways Australia Limited,3,1,3,66.7,0.0,0.03,549
IRI,3,2,2,0.0,0.0,0.03,550
Glencore Australia Holdings Pty Ltd,3,2,3,0.0,0.0,0.03,551
Your People Limited,3,3,1,100.0,0.0,0.03,552
Menzies Aviation,3,1,3,0.0,0.0,0.03,553
Flexi Staff Pty Ltd,3,2,2,33.3,0.0,0.03,554
Macedon Ranges Shire Council,3,3,1,100.0,0.0,0.03,555
Boutique Homes,3,2,1,0.0,0.0,0.03,556
Healthscope,3,3,3,0.0,0.0,0.03,557
Vocus,3,2,2,0.0,0.0,0.03,558
Link Group,3,3,2,0.0,0.0,0.03,559
Harrison McMillan,3,3,2,0.0,0.0,0.03,560
City of Ballarat,3,2,1,0.0,0.0,0.03,561
Capgemini Australia Pty Ltd,3,1,2,0.0,0.0,0.03,562
CENTRECARE,3,2,1,100.0,0.0,0.03,563
ProExec,3,1,2,100.0,0.0,0.03,564
one eighty recruitment,3,3,2,66.7,0.0,0.03,565
Pure Source Recruitment,3,3,1,0.0,0.0,0.03,566
Dekro Recruitment,3,3,1,100.0,0.0,0.03,567
HSBC Bank Australia,3,1,2,0.0,0.0,0.03,568
Techtronic Industries,3,3,3,0.0,0.0,0.03,569
OneHarvest,3,1,3,0.0,0.0,0.03,570
GOW Recruitment,3,2,1,0.0,0.0,0.03,571
APRG - Attraction. Performance. Retention. Guidance.,3,3,2,0.0,0.0,0.03,572
Goodlife Healthclubs,3,1,2,66.7,0.0,0.03,573
Marsh Pty Ltd,3,2,2,0.0,0.0,0.03,574
Department of Conservation,3,2,3,0.0,0.0,0.03,575
Hudson - Technology and Digital,3,2,3,33.3,0.0,0.03,576
ARG Workforce - Engineering,3,2,1,0.0,0.0,0.03,577
Ngai Tahu Tourism,3,1,3,0.0,0.0,0.03,578
TEKsystems,3,2,2,33.3,0.0,0.03,579
Stockdale Personnel,3,2,1,0.0,0.0,0.03,580
Ethan Group Pty Ltd,3,1,2,0.0,0.0,0.03,581
Parton Wine Distribution Pty Ltd,3,2,3,100.0,0.0,0.03,582
Hays Human Resources,3,1,2,0.0,0.0,0.03,583
"Mantra Hotels, Resorts and Apartments",3,1,2,0.0,0.0,0.03,584
MADEC Employment and Training,3,2,3,33.3,0.0,0.03,585
AC3 Pty Limited,3,1,1,100.0,0.0,0.03,586
Flourish Australia,3,1,2,100.0,0.0,0.03,587
Bank of Melbourne,3,1,2,100.0,0.0,0.03,588
Troocoo,3,3,1,0.0,0.0,0.03,589
Ashurst Australia,3,2,2,0.0,0.0,0.03,590
colette by colette hayman,3,1,3,0.0,0.0,0.03,591
Fusion Careers,3,2,1,0.0,66.7,0.03,592
Victoria University,3,2,1,0.0,66.7,0.03,593
Elite Staffing Solutions Pty Ltd,3,2,1,0.0,0.0,0.03,594
abrs,3,2,3,33.3,0.0,0.03,595
Find IT Recruitment,3,1,2,100.0,0.0,0.03,596
Toyota Financial Services,3,2,2,0.0,0.0,0.03,597
Hudson - Accounting and Finance,3,1,3,66.7,0.0,0.03,598
Bridge Consulting,3,3,1,0.0,0.0,0.03,599
Expect A Star,3,2,2,66.7,0.0,0.03,600
Citywide Service Solutions Pty Ltd,3,1,2,100.0,0.0,0.03,601
Marsden Business Support,3,3,2,33.3,0.0,0.03,602
MINIT Australia,3,1,2,0.0,0.0,0.03,603
Catholic Healthcare  Ltd,3,3,2,0.0,0.0,0.03,604
RACQ,3,3,2,0.0,0.0,0.03,605
920,3,1,3,33.3,0.0,0.03,606
University of New South Wales,3,2,1,33.3,0.0,0.03,607
Pettit Pharma & Device Search Pty Ltd,3,2,2,100.0,66.7,0.03,608
Capital S.M.A.R.T. Repairs Australia Pty Ltd,3,2,2,66.7,66.7,0.03,609
MEGT,3,2,2,33.3,0.0,0.03,610
Metro On-Hire Pty Ltd,3,1,1,0.0,0.0,0.03,611
Metro Staffing Solutions,3,2,1,0.0,0.0,0.03,612
Find Recruitment Limited,3,2,2,100.0,0.0,0.03,613
Cardno,3,2,3,0.0,0.0,0.03,614
Foodstuffs South Island,3,2,2,0.0,0.0,0.03,615
TasWater,3,3,3,100.0,0.0,0.03,616
Metier Recruitment,3,1,1,100.0,0.0,0.03,617
St. Vincent’s Hospital Melbourne (Ltd),3,1,1,0.0,0.0,0.03,618
Jobs Statewide,3,3,1,33.3,66.7,0.03,619
Regis,3,3,2,0.0,0.0,0.03,620
MCS Consulting,3,2,2,100.0,0.0,0.03,621
HealthyPeople,3,1,2,0.0,0.0,0.03,622
Kinetic Recruitment,3,3,2,0.0,0.0,0.03,623
Graham Consulting,3,3,2,33.3,0.0,0.03,624
Public Sector People,3,3,2,100.0,0.0,0.03,625
Melbourne Polytechnic,3,2,1,33.3,0.0,0.03,626
Sydney Tools,3,1,1,100.0,0.0,0.03,627
CompuMenn Group,3,1,2,0.0,0.0,0.03,628
Energy Queensland,3,2,3,0.0,0.0,0.03,629
Key Assets Fostering,3,1,3,66.7,0.0,0.03,630
Bank of Queensland,3,3,2,66.7,0.0,0.03,631
V/Line Corporation,3,3,1,0.0,0.0,0.03,632
Jobwire,3,2,2,66.7,0.0,0.03,633
Solotel – Australia’s most diverse hospitality group,3,1,1,66.7,0.0,0.03,634
Scottish Pacific Business Finance,3,1,2,0.0,0.0,0.03,635
Villa Maria Catholic Homes,3,2,2,0.0,0.0,0.03,636
Dynamic Staffing Solutions,3,2,1,0.0,0.0,0.03,637
Symbio Laboratories,3,2,2,0.0,0.0,0.03,638
HR national,3,2,2,66.7,0.0,0.03,639
Acworth Recruitment,3,2,1,0.0,0.0,0.03,640
Balance Recruitment,3,1,1,0.0,0.0,0.03,641
University of Technology Sydney,3,3,1,0.0,0.0,0.03,642
Anglicare SQ,3,2,2,100.0,0.0,0.03,643
Hays Engineering,3,3,3,66.7,0.0,0.03,644
Rexco People Sydney,3,3,1,33.3,0.0,0.03,645
Inter Industrial Services Pty Ltd,3,2,1,66.7,0.0,0.03,646
InvoCare Australia Pty Limited,3,1,2,0.0,66.7,0.03,647
Huxley Associates,3,2,2,100.0,0.0,0.03,648
Sopersmac,3,2,3,0.0,0.0,0.03,649
BP,3,2,2,100.0,0.0,0.03,650
Alinta Energy,3,3,2,66.7,0.0,0.03,651
MedicalDirector,3,1,1,0.0,0.0,0.03,652
iEmploy Recruitment PTY LTD,3,1,2,0.0,0.0,0.03,653
Catholic Archdiocese of Brisbane,3,1,1,33.3,0.0,0.03,654
Mirvac,3,2,2,0.0,66.7,0.03,655
AusHealth,3,2,2,0.0,0.0,0.03,656
Cognizant Technology Solutions Australia Pty Ltd,3,2,2,66.7,0.0,0.03,657
Recruitment Expert,3,2,3,33.3,0.0,0.03,658
Computershare Ltd,3,3,1,100.0,0.0,0.03,659
Laser Clinics Australia,3,2,1,66.7,0.0,0.03,660
HORNER Recruitment,3,3,1,33.3,0.0,0.03,661
The Safe Step,3,1,2,33.3,0.0,0.03,662
Australian Institute of Music,3,2,1,0.0,0.0,0.03,663
Arts Centre Melbourne,3,2,1,0.0,0.0,0.03,664
Vicinity Centres,3,2,3,33.3,0.0,0.03,665
ADVIZA,3,3,2,100.0,0.0,0.03,666
Queensland Building and Construction Commission (QBCC),3,2,3,0.0,0.0,0.03,667
Emergent & Co Ltd,3,2,1,0.0,0.0,0.03,668
Hays Property,3,1,2,66.7,0.0,0.03,669
Southern Cross Care (NSW & ACT),3,2,2,33.3,0.0,0.03,670
Continuum Recruitment,3,1,3,66.7,0.0,0.03,671
Capture Recruitment Pty Ltd,3,2,1,0.0,0.0,0.03,672
Merlin Entertainments Group,3,2,2,0.0,0.0,0.03,673
Sigma Company Limited,3,3,2,0.0,0.0,0.03,674
Scentre Group,3,3,1,0.0,0.0,0.03,675
Cleanaway Operations Pty Ltd,3,2,3,100.0,0.0,0.03,676
RWR Executive,3,2,2,66.7,0.0,0.03,677
Mercy Community,3,1,1,100.0,0.0,0.03,678
New Horizons,3,1,3,66.7,0.0,0.03,679
ACI Labour Hire Pty Ltd,2,1,1,100.0,0.0,0.02,680
Recruitme,2,2,2,50.0,0.0,0.02,681
Alliance Airlines,2,1,2,0.0,0.0,0.02,682
Estelle Recruitment,2,2,1,100.0,0.0,0.02,683
Kaplan,2,2,1,50.0,0.0,0.02,684
Eureka Street Pty Ltd,2,1,1,0.0,100.0,0.02,685
T+O+M Executive,2,2,1,50.0,0.0,0.02,686
Ted Noffs Foundation,2,1,1,0.0,0.0,0.02,687
Public Transport Authority,2,1,1,100.0,0.0,0.02,688
Peregrine Corporation,2,2,2,50.0,0.0,0.02,689
KONE Elevators Pty Ltd,2,2,2,0.0,0.0,0.02,690
Berry Street,2,1,1,0.0,0.0,0.02,691
Dubbo Regional Council,2,2,1,100.0,0.0,0.02,692
Ordyss Pty Ltd,2,1,1,0.0,0.0,0.02,693
MinterEllison,2,2,2,100.0,0.0,0.02,694
Deloitte,2,2,2,0.0,0.0,0.02,695
Exelect Recruitment,2,2,1,0.0,0.0,0.02,696
ADE Consulting Group,2,1,1,0.0,0.0,0.02,697
Switch Media,2,1,1,0.0,0.0,0.02,698
Four Points by Sheraton Central Park,2,1,1,0.0,0.0,0.02,699
Essential Appointments,2,2,1,50.0,0.0,0.02,700
Building Personnel,2,2,1,100.0,0.0,0.02,701
Hanes Australasia,2,2,2,100.0,0.0,0.02,702
Uplift Recruitment,2,2,1,100.0,0.0,0.02,703
NTT Ltd,2,1,1,50.0,0.0,0.02,704
Brickworks Limited,2,2,2,0.0,0.0,0.02,705
AFFORD,2,2,2,0.0,0.0,0.02,706
Sirius Technology Sydney part of Sirius People Pty Ltd,2,1,2,0.0,0.0,0.02,707
GWA Group Limited,2,2,1,0.0,0.0,0.02,708
Sime Darby Motor Group,2,2,2,0.0,0.0,0.02,709
MercyCare,2,1,1,0.0,0.0,0.02,710
Urban Maintenance Systems,2,1,1,0.0,0.0,0.02,711
Western Bulldogs,2,2,1,0.0,0.0,0.02,712
Regus,2,1,2,0.0,0.0,0.02,713
Halo Consulting Ltd,2,1,1,0.0,0.0,0.02,714
Write Away Communication,2,1,1,0.0,100.0,0.02,715
Wurth Australia,2,2,2,0.0,0.0,0.02,716
Rentokil Initial,2,1,2,100.0,0.0,0.02,717
Laverty Pathology,2,1,2,0.0,0.0,0.02,718
Kelly Scientific Resources,2,2,2,0.0,0.0,0.02,719
RetireAustralia Pty Ltd,2,2,2,0.0,0.0,0.02,720
Lynch Staffing Pty Ltd,2,2,1,50.0,0.0,0.02,721
Allied Recruitment,2,2,1,0.0,0.0,0.02,722
Suncare Community Services Ltd,2,1,2,50.0,0.0,0.02,723
Beilby Downing Teal,2,2,2,50.0,0.0,0.02,724
Fluid Recruitment New Zealand Ltd,2,1,1,100.0,0.0,0.02,725
Rodd & Gunn,2,1,2,0.0,0.0,0.02,726
SGS Australia Pty Ltd,2,2,2,100.0,0.0,0.02,727
Trayne Consulting,2,2,2,0.0,0.0,0.02,728
La Trobe University,2,2,1,0.0,0.0,0.02,729
Unleashed Software,2,2,1,0.0,0.0,0.02,730
Bunnings VIC,2,1,2,0.0,0.0,0.02,731
St Bartholomew’s House,2,1,1,0.0,0.0,0.02,732
Prolife Foods,2,1,2,50.0,0.0,0.02,733
GAZMAN,2,1,2,100.0,0.0,0.02,734
Stone Recruitment Pty Ltd,2,1,1,0.0,0.0,0.02,735
Transport Management Solutions,2,1,2,0.0,0.0,0.02,736
MESHKI PTY LTD,2,2,1,50.0,0.0,0.02,737
VMIA,2,2,1,0.0,0.0,0.02,738
Newcrest Mining Limited,2,2,2,0.0,0.0,0.02,739
Freedom Fuels,2,1,2,0.0,0.0,0.02,740
Kogan.com,2,2,1,50.0,0.0,0.02,741
Sydney Trains,2,2,1,50.0,0.0,0.02,742
Total Work Solutions,2,2,2,50.0,0.0,0.02,743
Saint Laurent (Australia) Pty Ltd,2,1,2,0.0,0.0,0.02,744
Recruitment Edge,2,2,1,100.0,0.0,0.02,745
Fleetmark NSW Pty Ltd,2,2,1,0.0,0.0,0.02,746
Youi Pty Ltd.,2,2,2,50.0,0.0,0.02,747
GA LAWYERS,2,1,1,0.0,0.0,0.02,748
Puch Construction & Building Pty Ltd,2,2,2,50.0,0.0,0.02,749
KBH Solutions,2,2,1,0.0,0.0,0.02,750
Australian Health Practitioner Regulation Agency,2,2,2,100.0,0.0,0.02,751
Melbourne Racing Club,2,1,1,0.0,0.0,0.02,752
Alliance Catering,2,1,2,0.0,0.0,0.02,753
SMYA Pty Ltd,2,2,2,0.0,0.0,0.02,754
Direct Personnel Services,2,2,1,0.0,0.0,0.02,755
360HR Pty Ltd,2,1,2,50.0,0.0,0.02,756
EnergyAustralia Services Pty Ltd,2,2,1,0.0,0.0,0.02,757
Humanised Group,2,1,2,50.0,0.0,0.02,758
Rockpool Dining Group,2,2,2,100.0,0.0,0.02,759
Ozcare,2,2,2,0.0,0.0,0.02,760
Coachwood Information Professionals P/L,2,1,1,0.0,0.0,0.02,761
AIMS International Executive Search,2,2,1,0.0,0.0,0.02,762
Global Diagnostics (Australia) PTY LTD,2,2,1,0.0,0.0,0.02,763
ProQuest Recruitment  - Eastern Creek,2,2,1,50.0,0.0,0.02,764
Quinn Allan,2,1,1,0.0,0.0,0.02,765
Northern Beaches Council,2,2,1,100.0,0.0,0.02,766
SB Recruitment Pty Ltd,2,1,1,50.0,0.0,0.02,767
Great Southern Hotel,2,2,2,0.0,0.0,0.02,768
Strathfield Municipal Council,2,2,1,0.0,0.0,0.02,769
Stone Freight Solutions,2,1,1,100.0,0.0,0.02,770
YMCA Victoria,2,2,1,100.0,0.0,0.02,771
Deacon Recruitment,2,2,1,50.0,0.0,0.02,772
Norwest Recruitment,2,2,1,100.0,0.0,0.02,773
McInnes Wilson Lawyers Pty Ltd,2,2,2,0.0,0.0,0.02,774
S.A. Health,2,2,1,0.0,0.0,0.02,775
Smart Homes For Living,2,1,1,0.0,0.0,0.02,776
Department of Water and Environmental Regulation,2,1,1,100.0,0.0,0.02,777
ACC,2,2,2,0.0,0.0,0.02,778
Old Sydney Holiday Inn,2,2,1,0.0,0.0,0.02,779
Domain Loan Finder,2,1,1,0.0,100.0,0.02,780
Tandem,2,2,2,0.0,0.0,0.02,781
Perth Convention and Exhibition Centre,2,1,1,0.0,0.0,0.02,782
CFA,2,2,2,0.0,0.0,0.02,783
CAREERS AND CANDIDATES,2,1,1,0.0,0.0,0.02,784
Department of Family & Community Services,2,1,2,100.0,0.0,0.02,785
John Holland,2,2,2,0.0,0.0,0.02,786
Genius Direct,2,1,1,100.0,0.0,0.02,787
Staff Solutions Australia Pty. Ltd,2,2,2,0.0,0.0,0.02,788
Kelly Government Solutions,2,2,2,50.0,0.0,0.02,789
Macpherson Kelley,2,2,2,0.0,0.0,0.02,790
Over The Wire Pty Ltd,2,2,2,0.0,0.0,0.02,791
Fit n Fast,2,2,1,50.0,0.0,0.02,792
John Sands,2,2,2,0.0,0.0,0.02,793
Match Executive,2,2,2,100.0,0.0,0.02,794
Children's Medical Research Institute,2,2,1,0.0,0.0,0.02,795
Diocese of Toowoomba Catholic Schools,2,2,2,50.0,0.0,0.02,796
Plush,2,2,1,50.0,0.0,0.02,797
Live Better Services Limited,2,2,1,100.0,0.0,0.02,798
St Vincent's Care Services Ltd,2,2,2,0.0,0.0,0.02,799
Peoplecorp,2,1,1,0.0,0.0,0.02,800
Barton Mills Recruitment,2,1,1,100.0,0.0,0.02,801
Department of the Premier and Cabinet,2,2,1,0.0,0.0,0.02,802
Yarra Ranges Council,2,2,2,0.0,0.0,0.02,803
Michael Page Engineering & Manufacturing,2,2,2,0.0,0.0,0.02,804
United Recruiting Solutions,2,1,1,100.0,0.0,0.02,805
Cavanagh & Associates Ltd,2,1,1,50.0,0.0,0.02,806
Hays Architecture,2,2,1,100.0,0.0,0.02,807
Well Done Contact Centres,2,2,2,0.0,0.0,0.02,808
Trinity Grammar School,2,2,2,0.0,0.0,0.02,809
KINGS RECRUITMENT LTD,2,1,1,100.0,0.0,0.02,810
TRN Group,2,2,1,0.0,0.0,0.02,811
Rowben,2,2,1,0.0,0.0,0.02,812
Core Community Services Limited,2,1,1,50.0,0.0,0.02,813
Parks Victoria,2,2,1,0.0,0.0,0.02,814
Manning Cartell,2,2,2,0.0,0.0,0.02,815
Little Zak's Academy,2,1,1,100.0,0.0,0.02,816
Latitude Financial Services,2,2,1,0.0,0.0,0.02,817
Stopgap,2,2,1,100.0,0.0,0.02,818
Leidos Australia Pty Ltd,2,1,1,0.0,0.0,0.02,819
City Beach,2,1,2,100.0,0.0,0.02,820
Frontline Construction Australia,2,2,2,100.0,0.0,0.02,821
Silverstone Edge,2,1,1,100.0,0.0,0.02,822
Momentum,2,2,2,50.0,0.0,0.02,823
Audika,2,1,2,0.0,0.0,0.02,824
BOC ANZ,2,2,2,50.0,0.0,0.02,825
Swinburne University of Technology,2,2,1,100.0,0.0,0.02,826
Perceptor,2,2,1,50.0,0.0,0.02,827
TransMetro Corporation,2,1,1,0.0,0.0,0.02,828
StaffCo,2,1,1,0.0,0.0,0.02,829
Wurth NZ Limited,2,2,2,0.0,0.0,0.02,830
SECURECorp,2,1,2,0.0,0.0,0.02,831
Laurent,2,1,1,0.0,0.0,0.02,832
Boardriders,2,2,2,100.0,0.0,0.02,833
Intercom,2,1,1,0.0,0.0,0.02,834
TNT and FedEx Express,2,1,1,50.0,0.0,0.02,835
Dexus,2,2,1,0.0,0.0,0.02,836
KiwiRail,2,1,2,50.0,0.0,0.02,837
Dineamic Australia Pty Ltd,2,1,1,0.0,0.0,0.02,838
4wd Supacentre,2,2,2,0.0,0.0,0.02,839
Talent Web Recruitment,2,2,1,50.0,0.0,0.02,840
Australian Red Cross,2,2,2,0.0,0.0,0.02,841
Synchro Group Pty Ltd,2,1,1,100.0,0.0,0.02,842
Diamond Enterprises Australia Pty Ltd,2,1,1,100.0,0.0,0.02,843
Gerard Malouf and Partners,2,2,1,0.0,0.0,0.02,844
Trojan Recruitment Group - Brisbane,2,1,1,50.0,0.0,0.02,845
Kalyra Communities,2,1,1,0.0,0.0,0.02,846
AWX Melbourne,2,1,1,100.0,0.0,0.02,847
United Super Pty Ltd,2,2,1,0.0,0.0,0.02,848
Buxton Pratt Consulting Pty Ltd,2,2,1,100.0,0.0,0.02,849
Sims Group Limited,2,1,1,0.0,0.0,0.02,850
Recruit IT – Your IT Career and Contract Specialists,2,1,1,50.0,0.0,0.02,851
City of Parramatta,2,2,1,0.0,0.0,0.02,852
Fitness First Australia Pty Limited,2,1,1,0.0,0.0,0.02,853
Lander & Rogers Lawyers,2,1,1,0.0,0.0,0.02,854
Hudson - Project Services,2,1,1,50.0,0.0,0.02,855
Hays Trades and Labour,2,1,2,0.0,0.0,0.02,856
Napier City Council,2,2,1,0.0,0.0,0.02,857
DB Breweries Ltd,2,2,2,0.0,0.0,0.02,858
RSM,2,1,2,0.0,0.0,0.02,859
dnata catering,2,2,2,50.0,0.0,0.02,860
Becks Wiggins Stokes Pty Ltd,2,2,1,50.0,0.0,0.02,861
Kingmill Pty Limited t/as Thrifty Car Rental,2,2,2,0.0,0.0,0.02,862
Protech NSW,2,2,1,0.0,0.0,0.02,863
ALH Group - Coopers Alehouse,2,1,1,0.0,0.0,0.02,864
King & Wood Mallesons,2,1,1,0.0,0.0,0.02,865
Genea,2,2,1,0.0,0.0,0.02,866
Department of Corrections,2,2,1,0.0,0.0,0.02,867
City of Newcastle,2,2,2,0.0,0.0,0.02,868
TSA Group,2,1,2,100.0,0.0,0.02,869
fibreHR,2,2,1,0.0,0.0,0.02,870
WorkPac Group,2,2,2,0.0,0.0,0.02,871
Lotte Travel Retail,2,1,2,0.0,0.0,0.02,872
Blackbook Executive,2,2,1,50.0,0.0,0.02,873
JBS Australia Pty Limited,2,2,1,0.0,0.0,0.02,874
The Lost Dogs Home,2,1,1,0.0,0.0,0.02,875
WorkPac - Wollongong,2,1,2,100.0,0.0,0.02,876
Toyota Motor Corporation Australia,2,1,2,0.0,0.0,0.02,877
Debbie Graham & Associates Limited,2,1,1,0.0,0.0,0.02,878
Icebreaker,2,1,2,0.0,0.0,0.02,879
Castle Hill Country Club,2,2,1,0.0,0.0,0.02,880
Department of Biodiversity Conservationand Attractions,2,2,2,100.0,0.0,0.02,881
Mr and Mrs Jones Pty Ltd,2,1,2,0.0,0.0,0.02,882
Ranger Exploration Drilling Pty Ltd,2,2,2,0.0,0.0,0.02,883
Alstom,2,2,2,0.0,0.0,0.02,884
Bird on a Wire,2,1,1,0.0,0.0,0.02,885
St Basil's Homes (SA),2,1,1,0.0,0.0,0.02,886
Dodo Connect,2,1,2,0.0,0.0,0.02,887
Penske Power Systems,2,2,2,0.0,0.0,0.02,888
Australian Indigenous Education Foundation,2,2,1,0.0,0.0,0.02,889
TRS - Accounting  & Finance,2,1,1,0.0,0.0,0.02,890
Presto Resourcing,2,1,2,0.0,0.0,0.02,891
Kona & Co.,2,2,2,100.0,0.0,0.02,892
Narrabri Shire Council,2,2,1,100.0,0.0,0.02,893
Construction & Technical Recruitment,2,2,1,50.0,0.0,0.02,894
ecareer employment services,2,1,1,0.0,0.0,0.02,895
The Good Guys Marion,2,2,1,0.0,0.0,0.02,896
Programmed Health Professionals Pty Ltd,2,2,2,0.0,0.0,0.02,897
Capital and Coast District Health Board,2,2,1,0.0,0.0,0.02,898
IBC Recruitment,2,2,1,100.0,0.0,0.02,899
Momenta Resourcing Pty Ltd,2,1,1,50.0,0.0,0.02,900
Plantation Homes,2,1,1,100.0,100.0,0.02,901
Bega Valley Shire Council,2,2,2,0.0,0.0,0.02,902
Australian Vintage Limited,2,1,1,0.0,0.0,0.02,903
Avis Budget Group,2,2,2,50.0,0.0,0.02,904
Jack’s Creek,2,2,1,0.0,0.0,0.02,905
Timberlink Australia,2,2,2,0.0,0.0,0.02,906
SponsoredLinx,2,1,1,100.0,0.0,0.02,907
Clinipath  Pathology,2,1,2,0.0,0.0,0.02,908
Seqwater,2,2,1,100.0,0.0,0.02,909
Collection House Ltd,2,1,2,100.0,0.0,0.02,910
DOWNER NZ,2,2,2,0.0,0.0,0.02,911
FQM Australia Nickel Pty Ltd,2,1,1,0.0,0.0,0.02,912
Car Next Door,2,2,1,50.0,0.0,0.02,913
Cochlear Limited.,2,2,1,0.0,0.0,0.02,914
Jenner Recruitment Pty Ltd,2,1,2,0.0,0.0,0.02,915
Emmaus College,2,2,1,0.0,0.0,0.02,916
P3-Real Estate and Property Recruitment,2,1,1,100.0,0.0,0.02,917
Norton Gold Fields PTY LTD,2,1,1,0.0,0.0,0.02,918
Ally Fashion,2,2,2,0.0,0.0,0.02,919
Rydges Cronulla,2,1,1,0.0,0.0,0.02,920
Nicholson United Autos Ltd,2,2,1,0.0,0.0,0.02,921
Sharp & Carter Sales,2,2,1,50.0,0.0,0.02,922
Kinexus,2,2,1,50.0,0.0,0.02,923
Capital Talent Consulting Pty Ltd,2,2,1,100.0,0.0,0.02,924
AGA,2,2,2,0.0,0.0,0.02,925
Eden Ritchie Recruitment,2,2,1,0.0,0.0,0.02,926
KaiserCraft,2,1,2,0.0,0.0,0.02,927
OrderMate,2,1,1,0.0,100.0,0.02,928
Saputo Dairy Australia,2,2,2,0.0,0.0,0.02,929
iPlace Recruitment Pty Ltd,2,2,1,0.0,0.0,0.02,930
Wilmar Sugar Pty Ltd,2,2,2,0.0,0.0,0.02,931
Lowie Recruitment International Limited,2,1,1,0.0,0.0,0.02,932
"Mt Lofty House, A Member of the MGallery Collection",2,1,1,0.0,0.0,0.02,933
Hart Recruitment,2,2,1,100.0,0.0,0.02,934
Insite Contracting,2,1,1,0.0,0.0,0.02,935
Aluminium Industries,2,1,2,0.0,0.0,0.02,936
PointsBet,2,1,1,0.0,0.0,0.02,937
Disability Services Australia Ltd,2,2,1,0.0,0.0,0.02,938
Raytheon Australia Pty Ltd,2,2,2,0.0,0.0,0.02,939
Brisbane City Council,2,2,1,0.0,0.0,0.02,940
ARC Group,2,2,2,0.0,0.0,0.02,941
Duttons,2,1,1,0.0,0.0,0.02,942
Ochlesitic Investments Pty Ltd,2,1,1,0.0,0.0,0.02,943
Entree Recruitment,2,2,1,0.0,0.0,0.02,944
Bentley Recruitment,2,1,2,0.0,0.0,0.02,945
Suttons,2,2,1,0.0,0.0,0.02,946
Coates Hire Operations,2,2,2,0.0,0.0,0.02,947
The Mitolo Group,2,1,2,0.0,0.0,0.02,948
Pagani,2,1,2,0.0,0.0,0.02,949
Forever New Clothing,2,1,2,0.0,0.0,0.02,950
DXC,2,1,1,0.0,0.0,0.02,951
The Hills Shire Council,2,2,1,100.0,0.0,0.02,952
Digital Mobile,2,2,1,0.0,0.0,0.02,953
Verint Systems (Aust) Pty Ltd,2,1,1,0.0,0.0,0.02,954
Australian Prudential Regulation Authority,2,2,1,0.0,0.0,0.02,955
Horizon Global Pty Ltd,2,2,1,0.0,0.0,0.02,956
K2 Recruitment & Consulting P/L,2,2,2,100.0,0.0,0.02,957
Downer EDI Services Pty Ltd,2,2,2,50.0,0.0,0.02,958
Queensland X-Ray,2,1,2,0.0,0.0,0.02,959
Paymark,2,2,1,0.0,0.0,0.02,960
Christadelphian Aged Care,2,1,1,0.0,0.0,0.02,961
Konekt Employment,2,2,1,50.0,0.0,0.02,962
Evolution Mining,2,1,2,0.0,0.0,0.02,963
Hudson - Marketing Communications and Digital,2,2,2,100.0,0.0,0.02,964
Mondo Search Pty Ltd,2,2,2,100.0,0.0,0.02,965
BoConcept,2,1,1,100.0,100.0,0.02,966
ManpowerGroup,2,2,2,0.0,0.0,0.02,967
UniLodge Australia Pty Ltd,2,1,2,100.0,0.0,0.02,968
Commercial Ducting & Hood Services,2,1,2,0.0,0.0,0.02,969
Prime Practice HR Solutions,2,1,2,0.0,0.0,0.02,970
Linkforce Engineering,2,2,1,0.0,0.0,0.02,971
Tradewind Australia Pty Ltd,2,1,1,50.0,0.0,0.02,972
First People Recruitment Solutions Pty Ltd,2,1,1,0.0,0.0,0.02,973
Polyglot Group,2,2,1,50.0,0.0,0.02,974
Sunnyfield,2,1,2,0.0,0.0,0.02,975
Frontline Health Auckland,2,2,1,0.0,0.0,0.02,976
PBI Search,2,1,1,100.0,0.0,0.02,977
Synaco Global Recruitment Pty Ltd,2,1,2,50.0,0.0,0.02,978
Global Product Search,2,1,1,0.0,0.0,0.02,979
IP Management,2,1,2,0.0,0.0,0.02,980
Reward Hospitality,2,1,2,0.0,0.0,0.02,981
Pro-invest Hotels Group,2,2,1,0.0,0.0,0.02,982
Ecolab Pty Ltd,2,2,1,0.0,0.0,0.02,983
Accor Plus,2,1,2,100.0,0.0,0.02,984
Bendigo Kangan Institute,2,1,2,0.0,0.0,0.02,985
NEC Australia Pty Ltd,2,1,2,0.0,0.0,0.02,986
Property Network of Australia,2,2,1,0.0,0.0,0.02,987
SMS Personnel Australia Pty Ltd,2,2,1,0.0,0.0,0.02,988
City of Port Phillip,2,2,1,0.0,0.0,0.02,989
Brook Recruitment,2,2,1,0.0,0.0,0.02,990
G8 Education,2,1,2,0.0,0.0,0.02,991
Amida,2,2,2,100.0,0.0,0.02,992
illion Australia & New Zealand,2,1,2,0.0,0.0,0.02,993
National Rugby League Limited,2,2,2,0.0,0.0,0.02,994
Samsonite,2,2,2,50.0,0.0,0.02,995
RobLawMax Recruitment,2,2,1,50.0,0.0,0.02,996
Morgan O'Neill Recruitment,2,1,2,50.0,0.0,0.02,997
Atom Resources,2,2,2,50.0,0.0,0.02,998
Green Cross Health,2,2,1,0.0,0.0,0.02,999
GLOBAL HOSPITALITY SOLUTIONS,2,2,1,0.0,0.0,0.02,1000
Security National Financial Services P/L,2,1,1,0.0,0.0,0.02,1001
PAK'nSAVE,2,1,1,0.0,0.0,0.02,1002
Protech NQ,2,1,2,50.0,0.0,0.02,1003
Pure Water Systems,2,2,1,50.0,0.0,0.02,1004
Skechers,2,1,2,50.0,0.0,0.02,1005
Recruitment Vision,2,1,2,0.0,0.0,0.02,1006
Fenner Dunlop,2,1,1,0.0,0.0,0.02,1007
Clyde & Co,2,2,2,0.0,0.0,0.02,1008
ACHIEVE Group,2,2,2,50.0,0.0,0.02,1009
D&E Air Conditioning Pty Ltd,2,1,2,100.0,0.0,0.02,1010
Verve Recruitment,2,1,2,0.0,0.0,0.02,1011
Fetch Recruitment,2,2,2,50.0,0.0,0.02,1012
UnitingCare Community,2,1,1,0.0,0.0,0.02,1013
blueAPACHE,2,1,1,50.0,0.0,0.02,1014
Sydney Local Health District,2,2,1,0.0,0.0,0.02,1015
Auswide Bank Ltd,2,2,1,0.0,0.0,0.02,1016
ProCare Australia,2,1,2,100.0,0.0,0.02,1017
NuVasive,2,2,1,0.0,0.0,0.02,1018
J.C.'s Quality Foods,2,2,2,0.0,0.0,0.02,1019
Toowoomba Regional Council,2,2,1,0.0,0.0,0.02,1020
MYOB,2,2,2,0.0,0.0,0.02,1021
Redcape Hotel Group,2,1,1,0.0,0.0,0.02,1022
Future Generation JV,2,1,2,0.0,0.0,0.02,1023
Stirling Andersen,2,2,2,50.0,0.0,0.02,1024
Blaze Staffing Solutions Pty Ltd,2,1,1,100.0,0.0,0.02,1025
Glen Eira City Council,2,2,1,0.0,0.0,0.02,1026
Tribe (New Zealand) Limited,2,2,1,50.0,0.0,0.02,1027
Hender Consulting,2,2,2,0.0,0.0,0.02,1028
X-Ray & Imaging,2,2,1,0.0,0.0,0.02,1029
Oyster People,2,1,2,0.0,0.0,0.02,1030
Illuminate Search & Consulting,2,1,1,0.0,0.0,0.02,1031
Beiersdorf Australia & New Zealand,2,1,1,0.0,0.0,0.02,1032
Galaxy Personnel,2,1,1,50.0,0.0,0.02,1033
Animates NZ Holdings,2,2,2,0.0,0.0,0.02,1034
AA Appointments Brisbane,2,2,2,100.0,0.0,0.02,1035
Peninsula Health,2,2,1,0.0,0.0,0.02,1036
Auckland Council,2,2,1,0.0,0.0,0.02,1037
Department of Education and Training,2,2,1,0.0,0.0,0.02,1038
Visy,2,2,2,50.0,0.0,0.02,1039
onpoint 365,2,2,2,0.0,0.0,0.02,1040
Majer Recruitment -Australia’s Favourite Recruiter 3yrs running - SEEK LEGEND,2,1,1,0.0,0.0,0.02,1041
Police Citizens Youth Clubs NSW Ltd,2,1,2,0.0,0.0,0.02,1042
CBRE,2,1,2,50.0,0.0,0.02,1043
Surf Life Saving NSW,2,2,1,0.0,0.0,0.02,1044
Hawksworth Consulting,2,1,1,0.0,0.0,0.02,1045
Oscar Oscar Salons,2,2,1,0.0,0.0,0.02,1046
GOUGH RECRUITMENT (NSW) PTY LTD,2,1,1,100.0,0.0,0.02,1047
Cavpower,2,2,1,0.0,0.0,0.02,1048
AFGRI Equipment Australia Pty Ltd,2,2,1,100.0,0.0,0.02,1049
Cue & Co Pty Ltd,2,2,2,0.0,0.0,0.02,1050
Melbourne Vending Co,2,2,1,50.0,0.0,0.02,1051
Ezi Car Rental a division of NZ Leisure Ltd,2,2,1,0.0,0.0,0.02,1052
G4S Integrated Services Pty Ltd,2,2,2,50.0,0.0,0.02,1053
Bay Audio Pty Ltd,2,2,2,50.0,0.0,0.02,1054
Countrywide Austral Pty Ltd,2,2,1,100.0,0.0,0.02,1055
Metcash Limited,2,2,1,0.0,0.0,0.02,1056
MacKillop Family Services,2,1,2,0.0,0.0,0.02,1057
Copper Road Consulting,2,2,1,0.0,0.0,0.02,1058
The Westport Club,2,2,1,0.0,0.0,0.02,1059
P3 RECRUITMENT – REAL ESTATE & PROPERTY,2,1,1,100.0,0.0,0.02,1060
Doctors Secretarial Agency,2,1,1,50.0,0.0,0.02,1061
"Catholic Education Office, Diocese of Parramatta",2,1,1,0.0,0.0,0.02,1062
Quest Personnel,2,2,2,0.0,0.0,0.02,1063
JOYN,2,2,1,0.0,0.0,0.02,1064
The GEO Group Australia Pty Ltd,2,2,2,50.0,0.0,0.02,1065
Wall Street,2,2,1,50.0,0.0,0.02,1066
Northern Cemeteries,2,2,1,0.0,0.0,0.02,1067
Mayfair Hotel,2,2,1,0.0,0.0,0.02,1068
Totally Smiles,2,1,2,0.0,0.0,0.02,1069
Resimac,2,1,1,0.0,0.0,0.02,1070
World Vision,2,2,2,100.0,0.0,0.02,1071
Aurecon,2,2,2,50.0,0.0,0.02,1072
Blacktown City Council,2,1,1,0.0,0.0,0.02,1073
HammondCare,2,1,1,0.0,0.0,0.02,1074
Beginning Boutique,2,2,1,0.0,0.0,0.02,1075
Bank Australia,2,1,2,0.0,0.0,0.02,1076
The Hour Glass (Australia) Pty Ltd,2,2,2,0.0,0.0,0.02,1077
Pinnacle People - Sydney,2,1,1,0.0,0.0,0.02,1078
Insurance Appointments,2,1,2,0.0,0.0,0.02,1079
St Vincent de Paul Society Queensland,2,2,1,100.0,0.0,0.02,1080
Zarraffa's Coffee,2,1,2,0.0,0.0,0.02,1081
Total Staff Solutions,2,1,2,50.0,0.0,0.02,1082
ChoiceOne,2,2,1,0.0,0.0,0.02,1083
Corestaff Darwin,2,2,1,0.0,0.0,0.02,1084
Hawkesbury City Council,2,1,1,100.0,0.0,0.02,1085
MyFreightCareer,2,1,1,0.0,100.0,0.02,1086
Costa's Pty Ltd,2,2,2,0.0,0.0,0.02,1087
Gilbarco Veeder-Root,2,2,1,0.0,0.0,0.02,1088
Galileo Search,2,2,1,100.0,0.0,0.02,1089
National Storage (Operations) Pty Ltd,2,1,2,100.0,0.0,0.02,1090
Komatsu Australia Limited,2,1,1,0.0,0.0,0.02,1091
Epson Australia,2,2,1,0.0,0.0,0.02,1092
Clayton Utz,2,2,2,0.0,0.0,0.02,1093
W.M Ritchie,2,1,2,0.0,0.0,0.02,1094
en world Australia,2,2,1,100.0,0.0,0.02,1095
BED BATH N' TABLE,2,1,2,50.0,0.0,0.02,1096
Armaguard,2,2,2,0.0,0.0,0.02,1097
Park Hyatt Melbourne,2,2,1,0.0,0.0,0.02,1098
Allity,2,2,2,0.0,0.0,0.02,1099
Wilson Group,2,2,1,0.0,0.0,0.02,1100
Slade Group,2,1,1,0.0,0.0,0.02,1101
atWork Australia,2,2,1,0.0,0.0,0.02,1102
Essential Energy,2,1,2,0.0,0.0,0.02,1103
Boutique Consulting,2,1,2,100.0,0.0,0.02,1104
The Instillery Group Limited,2,1,1,0.0,0.0,0.02,1105
Flexi Personnel Australia Pty Ltd,2,1,1,0.0,0.0,0.02,1106
St Vincent's Private Hospital Sydney,2,2,1,0.0,0.0,0.02,1107
Coadys Personnel Consultants P/L,2,2,1,50.0,0.0,0.02,1108
United Petroleum Pty Ltd,2,2,1,0.0,0.0,0.02,1109
AAA Nextt Group Pty Ltd,2,2,2,50.0,0.0,0.02,1110
Justine Dorrell Consulting,2,1,2,100.0,0.0,0.02,1111
Peoplecare,2,2,1,0.0,0.0,0.02,1112
Pullman Sydney Airport,2,1,1,0.0,0.0,0.02,1113
IAC Acoustics (Australia) Pty Ltd,2,2,1,100.0,0.0,0.02,1114
Add Staff,2,2,1,0.0,0.0,0.02,1115
Recruitment@Top,2,2,1,50.0,0.0,0.02,1116
State Trustees Ltd,2,2,2,100.0,0.0,0.02,1117
AccorHotels,2,2,2,0.0,0.0,0.02,1118
Australian Catholic University Limited,2,2,2,50.0,0.0,0.02,1119
Cerebral Palsy Alliance,2,2,1,0.0,0.0,0.02,1120
Recruitment Studio,2,1,1,100.0,0.0,0.02,1121
Queensland Treasury Corporation,2,1,1,0.0,0.0,0.02,1122
Ability Options Ltd,2,1,1,0.0,0.0,0.02,1123
Computers Now,2,2,2,0.0,0.0,0.02,1124
NSP Personnel,2,2,2,100.0,0.0,0.02,1125
Boeing Defence Australia,2,2,2,0.0,0.0,0.02,1126
Rocket Lab,2,1,2,0.0,0.0,0.02,1127
South Eastern Sydney Local Health District,2,2,1,0.0,0.0,0.02,1128
Attribute Group,2,1,1,50.0,0.0,0.02,1129
Kingston City Council,2,2,1,100.0,0.0,0.02,1130
NRMA Motoring & Services,2,1,1,0.0,0.0,0.02,1131
Wesley College Melbourne,2,1,2,0.0,0.0,0.02,1132
Benetas,2,2,1,0.0,0.0,0.02,1133
Life Plus,2,1,1,0.0,0.0,0.02,1134
Macquarie University,2,2,1,0.0,0.0,0.02,1135
Southern Discoveries,2,2,1,0.0,0.0,0.02,1136
Workways,2,1,2,0.0,0.0,0.02,1137
RAC,2,1,1,0.0,0.0,0.02,1138
Novotel Canberra,2,1,1,0.0,0.0,0.02,1139
Coda Group,2,1,2,0.0,0.0,0.02,1140
Tardis Group,2,2,2,100.0,0.0,0.02,1141
HVTC,2,2,2,0.0,0.0,0.02,1142
Albemarle Lithium Pty Ltd,2,2,2,0.0,0.0,0.02,1143
Panthera Finance,2,2,1,0.0,0.0,0.02,1144
Historic Houses Trust of New South Wales,2,2,1,0.0,0.0,0.02,1145
Doma Hotels,2,1,1,0.0,0.0,0.02,1146
Complete Credit Solutions Pty Limited,2,2,1,0.0,0.0,0.02,1147
Inter Staffing Services Pty Ltd,2,2,1,100.0,0.0,0.02,1148
Bardot Pty Ltd,2,2,2,50.0,0.0,0.02,1149
Cushman & Wakefield,2,2,2,50.0,0.0,0.02,1150
Complete Recruitment Matters,2,2,2,0.0,0.0,0.02,1151
Black Dog Institute,2,2,1,0.0,0.0,0.02,1152
Willow Recruitment,2,2,2,0.0,0.0,0.02,1153
Aruma,2,2,2,0.0,0.0,0.02,1154
New Zealand Health Group,2,2,1,0.0,0.0,0.02,1155
Doors Plus,2,1,2,100.0,0.0,0.02,1156
ASA Personnel,2,2,1,100.0,0.0,0.02,1157
PM-Partners Group,2,1,1,0.0,0.0,0.02,1158
Melbourne Business School,2,1,1,50.0,0.0,0.02,1159
MultiLink Community Services Inc.,2,1,1,0.0,0.0,0.02,1160
Service Stream Limited,2,2,2,0.0,0.0,0.02,1161
Ministry of Health,2,2,2,0.0,0.0,0.02,1162
Development Victoria,2,2,1,0.0,0.0,0.02,1163
Davies Ross Consulting Pty Ltd,2,2,1,100.0,0.0,0.02,1164
Australia Workforce,2,2,2,0.0,0.0,0.02,1165
Metricon Homes,2,1,1,0.0,0.0,0.02,1166
Mesh Marketing,2,2,2,0.0,0.0,0.02,1167
LINX Cargo Care Pty Ltd,2,2,2,0.0,0.0,0.02,1168
McColls Transport,2,1,2,0.0,0.0,0.02,1169
Wesfarmers Industrial and Safety,2,1,2,100.0,0.0,0.02,1170
Village Roadshow Ltd,2,2,1,0.0,0.0,0.02,1171
Hays Procurement,2,2,2,0.0,0.0,0.02,1172
Wolters Kluwer,2,2,2,100.0,0.0,0.02,1173
Emerge Aotearoa,2,2,2,0.0,0.0,0.02,1174
The University of Auckland,2,1,1,0.0,0.0,0.02,1175
Universal Store,2,2,1,0.0,0.0,0.02,1176
CQUniversity,2,2,2,100.0,0.0,0.02,1177
Sprint People,2,2,1,100.0,0.0,0.02,1178
Southern Cross Austereo,2,1,2,0.0,0.0,0.02,1179
Viiew Pty Ltd,2,1,2,0.0,0.0,0.02,1180
Mitalent Recruitment Group,2,1,1,50.0,0.0,0.02,1181
Appreciating Recruitment Group,2,1,1,100.0,0.0,0.02,1182
Symmetry HR - NSW Commercial,2,1,1,100.0,0.0,0.02,1183
Buzz Products Pty Ltd,2,2,1,0.0,0.0,0.02,1184
QSuper Group,2,2,1,0.0,0.0,0.02,1185
Accent Support Office,2,2,1,100.0,0.0,0.02,1186
G&C Mutual Bank,2,1,1,0.0,100.0,0.02,1187
ADP Employer Services,2,2,1,0.0,0.0,0.02,1188
BUTLER HR,2,2,1,0.0,0.0,0.02,1189
Superior Food Services,2,2,1,0.0,0.0,0.02,1190
Inland Revenue,2,2,1,0.0,0.0,0.02,1191
Nutrition Warehouse Pty Ltd,2,1,2,0.0,0.0,0.02,1192
Dicker Data Limited,2,2,1,0.0,0.0,0.02,1193
Embassy of the United States of America,2,2,1,100.0,0.0,0.02,1194
Bupa,2,2,2,0.0,0.0,0.02,1195
The Settlement Hotel,2,1,1,0.0,0.0,0.02,1196
Ray White Macarthur Group,2,1,1,0.0,100.0,0.02,1197
RSPCA NSW,2,1,2,0.0,0.0,0.02,1198
Sunshine Coast Council,2,2,2,50.0,0.0,0.02,1199
Kidstuff Pty Ltd,2,1,2,0.0,0.0,0.02,1200
Gallagher Bassett,2,1,1,50.0,0.0,0.02,1201
Primary OSHCare,2,1,1,0.0,0.0,0.02,1202
Wesfarmers,2,2,2,0.0,0.0,0.02,1203
RSL Queensland,2,1,2,0.0,0.0,0.02,1204
Cargill Australia Limited,2,2,1,0.0,0.0,0.02,1205
GraysOnline,2,2,2,0.0,0.0,0.02,1206
Blue Connections Pty Ltd,2,1,1,0.0,0.0,0.02,1207
Lawrence & Hanson,2,2,2,0.0,0.0,0.02,1208
Astrum,2,1,1,0.0,0.0,0.02,1209
UGL - Resources,2,2,2,50.0,0.0,0.02,1210
OZ Design Furniture,2,1,2,0.0,0.0,0.02,1211
Western Downs Regional Council,2,2,2,50.0,0.0,0.02,1212
Kainga Ora,2,2,2,0.0,0.0,0.02,1213
Pickering Transport,2,1,2,0.0,0.0,0.02,1214
Mort & Co Lot Feeders,2,1,1,0.0,0.0,0.02,1215
Morgan McKinley,2,2,1,50.0,0.0,0.02,1216
CT4,2,2,2,100.0,0.0,0.02,1217
The Travel Corporation,2,2,1,0.0,0.0,0.02,1218
Landcom,2,2,1,0.0,0.0,0.02,1219
Multicap Limited,2,1,1,0.0,0.0,0.02,1220
IntoWork Australia,2,2,2,0.0,0.0,0.02,1221
Spectrum Care,2,1,2,100.0,0.0,0.02,1222
Hays Executive,2,2,2,0.0,0.0,0.02,1223
Austal Ships,2,2,2,50.0,0.0,0.02,1224
Ray White Corporate,2,2,1,50.0,0.0,0.02,1225
Northpower Ltd,2,2,2,0.0,0.0,0.02,1226
Woolworth Liquor Group,2,2,1,50.0,0.0,0.02,1227
Pinnacle People - Queensland,2,1,2,0.0,0.0,0.02,1228
Frasers Property Australia,2,2,2,0.0,0.0,0.02,1229
Ceva Logistics,2,2,1,0.0,0.0,0.02,1230
OneStaff Auckland,2,2,1,50.0,0.0,0.02,1231
Echo Group Corporation Pty Ltd,2,2,1,0.0,0.0,0.02,1232
2XM Recruit,2,2,2,0.0,0.0,0.02,1233
Seqel Limited,2,2,1,0.0,0.0,0.02,1234
Martin Brower,2,1,1,0.0,0.0,0.02,1235
The a2 Milk Company,2,1,2,0.0,0.0,0.02,1236
Rural Press Pty Ltd,2,1,2,0.0,0.0,0.02,1237
Hawkes Bay District Health Board,2,2,1,0.0,0.0,0.02,1238
Michael Page Procurement & Supply Chain,2,2,1,50.0,0.0,0.02,1239
Titan Cranes and Rigging Pty Ltd,2,2,1,0.0,0.0,0.02,1240
Law Partners Personal Injury Lawyers,2,1,1,50.0,100.0,0.02,1241
Aurec,2,1,1,50.0,0.0,0.02,1242
C&K Association,2,2,1,50.0,0.0,0.02,1243
Hotelstaff,2,1,1,0.0,0.0,0.02,1244
Ricoh Australia Pty Ltd,2,2,1,0.0,0.0,0.02,1245
Marble Civil and Infrastructure,2,2,1,100.0,0.0,0.02,1246
2it Recruitment,2,1,1,50.0,0.0,0.02,1247
Opal Specialist Aged Care,2,1,2,0.0,0.0,0.02,1248
Hays Insurance,2,1,2,50.0,0.0,0.02,1249
Kollaras & Co,2,2,2,0.0,0.0,0.02,1250
Langford-Jones Homes,2,2,2,50.0,0.0,0.02,1251
Bunnings Limited,2,2,1,0.0,0.0,0.02,1252
Arq Group Ltd,2,2,2,0.0,0.0,0.02,1253
Modis,2,2,2,0.0,0.0,0.02,1254
Epworth,2,1,1,0.0,0.0,0.02,1255
WellsGray Recruitment Pty Ltd,2,1,1,50.0,0.0,0.02,1256
Geelong Regional Library Corporation,2,2,1,0.0,0.0,0.02,1257
Team Executive Consultants,2,2,1,100.0,0.0,0.02,1258
Intuitive Recruitment Pty Ltd,2,1,1,50.0,0.0,0.02,1259
Monash IVF Group,2,1,2,0.0,0.0,0.02,1260
BHP,2,1,2,0.0,0.0,0.02,1261
Health Support Services,2,2,1,100.0,0.0,0.02,1262
Water Corporation,2,1,1,0.0,0.0,0.02,1263
Micway Transport Pty Ltd,2,1,1,0.0,0.0,0.02,1264
Horizon West Landscape and Irrigation,2,1,1,0.0,0.0,0.02,1265
Blackmores,2,2,1,100.0,0.0,0.02,1266
Hays Resources & Mining,2,2,2,0.0,0.0,0.02,1267
Aurizon,2,1,2,100.0,0.0,0.02,1268
SDN Children's Services,2,1,1,0.0,0.0,0.02,1269
ModelCo,2,2,1,50.0,0.0,0.02,1270
Halls,2,2,2,0.0,0.0,0.02,1271
BLACKROC,2,2,1,50.0,0.0,0.02,1272
Henley Properties,2,1,1,100.0,0.0,0.02,1273
Decjuba,2,2,1,0.0,0.0,0.02,1274
Flintwood Disability Services Inc.,2,1,1,50.0,0.0,0.02,1275
Penrith City Council,2,2,1,100.0,0.0,0.02,1276
PATH4 Group,2,2,2,50.0,0.0,0.02,1277
Plastergroup Pty Ltd,2,2,1,0.0,0.0,0.02,1278
Blue Care,2,2,1,100.0,0.0,0.02,1279
Regents Park Christian School,2,1,1,0.0,0.0,0.02,1280
Silver Chef Ltd,2,2,1,0.0,0.0,0.02,1281
Star People,2,1,1,50.0,0.0,0.02,1282
ARG Workforce - Construction,2,1,1,0.0,0.0,0.02,1283
Osborne Richardson,2,2,2,50.0,0.0,0.02,1284
NSW Health,2,2,1,50.0,0.0,0.02,1285
Potentia: New Zealand’s Most Awarded IT Recruitment Consultancy*,2,2,1,50.0,0.0,0.02,1286
Thorn Australia,2,1,2,0.0,0.0,0.02,1287
Protech TAS,2,1,2,0.0,0.0,0.02,1288
Steps Staffing Solutions,2,2,1,0.0,0.0,0.02,1289
Finite Banking & Finance,2,1,1,100.0,0.0,0.02,1290
Campbell Arnotts,2,2,1,0.0,0.0,0.02,1291
Chemistworks,2,2,1,100.0,0.0,0.02,1292
Parramatta Leagues PTY LTD,2,2,1,0.0,0.0,0.02,1293
City Parklands Services Pty Ltd,2,1,1,0.0,0.0,0.02,1294
Hairhouse Warehouse Pty Ltd,2,1,2,0.0,0.0,0.02,1295
Bundaberg Regional Council,2,1,1,0.0,0.0,0.02,1296
Allura Partners,2,1,1,0.0,0.0,0.02,1297
Commonwealth Bank - Enterprise Services,2,2,2,0.0,0.0,0.02,1298
Housekeepers,2,1,2,0.0,0.0,0.02,1299
Pacific Smiles Group,2,1,2,0.0,0.0,0.02,1300
Elliott Gray,2,2,1,50.0,0.0,0.02,1301
Orange City Council,2,2,1,0.0,0.0,0.02,1302
McGrath Estate Agents,2,2,1,0.0,0.0,0.02,1303
Shine Lawyers,2,2,2,0.0,0.0,0.02,1304
Consulcad,1,1,1,0.0,0.0,0.01,1305
Riversdale Estate,1,1,1,0.0,0.0,0.01,1306
Rockhampton Psychology Services,1,1,1,0.0,0.0,0.01,1307
Kaizen Recruitment,1,1,1,0.0,0.0,0.01,1308
Zinfra,1,1,1,0.0,0.0,0.01,1309
PPD Australia Pty Ltd,1,1,1,0.0,0.0,0.01,1310
RainbowYOUTH,1,1,1,100.0,0.0,0.01,1311
Brisbane Legacy,1,1,1,0.0,0.0,0.01,1312
Bureau Veritas Australia Pty Ltd,1,1,1,0.0,0.0,0.01,1313
Fasta Couriers,1,1,1,0.0,0.0,0.01,1314
Graymont,1,1,1,0.0,0.0,0.01,1315
Blake Oliver,1,1,1,0.0,0.0,0.01,1316
Forms Express Pty Ltd,1,1,1,0.0,0.0,0.01,1317
Jones Trading Group,1,1,1,100.0,0.0,0.01,1318
SEVENTWENTY,1,1,1,0.0,0.0,0.01,1319
Shanes Trees,1,1,1,0.0,0.0,0.01,1320
Crystal Mountain,1,1,1,0.0,0.0,0.01,1321
City Of Casey,1,1,1,0.0,0.0,0.01,1322
Le Boulangerie Amour Fou,1,1,1,100.0,0.0,0.01,1323
Timezone Australia,1,1,1,0.0,0.0,0.01,1324
Solarmaster,1,1,1,0.0,0.0,0.01,1325
Buderim Group Limited,1,1,1,0.0,0.0,0.01,1326
Schaeffler Australia Pty Ltd,1,1,1,0.0,0.0,0.01,1327
Tasca,1,1,1,0.0,0.0,0.01,1328
University of Divinity,1,1,1,0.0,0.0,0.01,1329
Quinn Staff Recruiters,1,1,1,0.0,0.0,0.01,1330
DIDI MOBILITY (AUSTRALIA) PTY LTD,1,1,1,0.0,0.0,0.01,1331
Court Jester Hotel (Black Rhino Group),1,1,1,0.0,0.0,0.01,1332
Resolver Recruitment - Real Estate,1,1,1,100.0,0.0,0.01,1333
Steadfast,1,1,1,0.0,0.0,0.01,1334
Tyrecycle,1,1,1,0.0,0.0,0.01,1335
Five Good Friends,1,1,1,100.0,0.0,0.01,1336
Middle Road Investments Pty Ltd,1,1,1,0.0,0.0,0.01,1337
Goldfinch Advisors,1,1,1,100.0,0.0,0.01,1338
AstraZeneca,1,1,1,0.0,0.0,0.01,1339
Stratacare Australia Pty Ltd,1,1,1,0.0,0.0,0.01,1340
Keldan Commercial Pty Ltd,1,1,1,0.0,0.0,0.01,1341
Workforce Express,1,1,1,0.0,0.0,0.01,1342
HCB Rural and Land Management,1,1,1,0.0,0.0,0.01,1343
Greenfields Executive Recruitment & Search,1,1,1,100.0,0.0,0.01,1344
RAA,1,1,1,0.0,0.0,0.01,1345
Mazzucchelli's,1,1,1,100.0,0.0,0.01,1346
Q & A Market Research,1,1,1,100.0,0.0,0.01,1347
BSI People Pty Limited,1,1,1,100.0,0.0,0.01,1348
IDS,1,1,1,0.0,0.0,0.01,1349
Healthworks Healthcare,1,1,1,0.0,0.0,0.01,1350
Liebherr Australia Pty Ltd,1,1,1,100.0,0.0,0.01,1351
Hunter Prelude,1,1,1,0.0,0.0,0.01,1352
Healthcare Australia NDIS,1,1,1,100.0,0.0,0.01,1353
Makana Northland,1,1,1,0.0,0.0,0.01,1354
Faber Vineyard,1,1,1,0.0,0.0,0.01,1355
The Provedores,1,1,1,0.0,0.0,0.01,1356
PepsiCo Australia and New Zealand,1,1,1,100.0,0.0,0.01,1357
CHAMP Resources,1,1,1,100.0,0.0,0.01,1358
Iron Pharmacy Group,1,1,1,0.0,0.0,0.01,1359
99 Bikes - NSW,1,1,1,100.0,0.0,0.01,1360
Peters Ice Cream,1,1,1,0.0,0.0,0.01,1361
Eastern Health,1,1,1,0.0,0.0,0.01,1362
Connell Design & Construction Pty Ltd,1,1,1,0.0,0.0,0.01,1363
south east dermatology,1,1,1,0.0,0.0,0.01,1364
Talent Options Sydney (Perm),1,1,1,0.0,0.0,0.01,1365
Troys Hospitality Staff,1,1,1,0.0,0.0,0.01,1366
My Flex Health International,1,1,1,0.0,0.0,0.01,1367
Autosports Group,1,1,1,0.0,0.0,0.01,1368
Customise Talent Group,1,1,1,0.0,0.0,0.01,1369
Shaw Gidley Pty Ltd,1,1,1,0.0,0.0,0.01,1370
Rigger Imports Safety Pty Ltd,1,1,1,100.0,0.0,0.01,1371
Oscar Group Australia,1,1,1,0.0,0.0,0.01,1372
Parenting Research Centre,1,1,1,0.0,0.0,0.01,1373
Group 7 Pty Ltd,1,1,1,100.0,0.0,0.01,1374
Percepta Asia Pacific,1,1,1,0.0,0.0,0.01,1375
SEE Group,1,1,1,0.0,0.0,0.01,1376
PETRONAS Australia Pty Ltd,1,1,1,0.0,0.0,0.01,1377
Haneco Lighting Australia Pty Ltd,1,1,1,0.0,0.0,0.01,1378
LLOYD AIR INSTALLATIONS,1,1,1,0.0,0.0,0.01,1379
Euclideon Pty Ltd,1,1,1,0.0,0.0,0.01,1380
Evelyn Faye Nutrition,1,1,1,0.0,0.0,0.01,1381
Placed Recruitment QLD,1,1,1,0.0,0.0,0.01,1382
Harvey Norman Commercial,1,1,1,0.0,0.0,0.01,1383
Interfreight International Pty Ltd,1,1,1,0.0,0.0,0.01,1384
Woolworths Food Group,1,1,1,0.0,0.0,0.01,1385
J&R Business Management Pty Ltd,1,1,1,0.0,0.0,0.01,1386
Quickstep Technologies,1,1,1,0.0,0.0,0.01,1387
ALH Group - Bundoora Hotel,1,1,1,0.0,0.0,0.01,1388
Moreton Bay Regional Council,1,1,1,100.0,0.0,0.01,1389
Wayfaring Pty Ltd,1,1,1,0.0,0.0,0.01,1390
Australian College of Optometry,1,1,1,0.0,0.0,0.01,1391
WorkforceXS North Sydney,1,1,1,0.0,0.0,0.01,1392
O'Brien Glass Industries Limited,1,1,1,0.0,0.0,0.01,1393
Pavilion Property,1,1,1,0.0,0.0,0.01,1394
OZ Minerals - Prominent Hill,1,1,1,0.0,0.0,0.01,1395
Highland Recruitment,1,1,1,0.0,0.0,0.01,1396
Americold Logistics Limited,1,1,1,0.0,0.0,0.01,1397
Syncarpia Recruitment,1,1,1,0.0,0.0,0.01,1398
TRP Recruitment,1,1,1,100.0,0.0,0.01,1399
Justice and Community Safety Directorate,1,1,1,100.0,0.0,0.01,1400
Tilling Timber Pty Ltd,1,1,1,100.0,0.0,0.01,1401
Britton Timbers,1,1,1,0.0,0.0,0.01,1402
Resource Solutions,1,1,1,100.0,0.0,0.01,1403
Eastern Shore Psychology,1,1,1,100.0,0.0,0.01,1404
TAFE Queensland South West,1,1,1,100.0,0.0,0.01,1405
Energy and Water Ombudsman (Victoria),1,1,1,100.0,0.0,0.01,1406
Catholic Schools Office - Diocese of Broken Bay,1,1,1,0.0,0.0,0.01,1407
Custom HR,1,1,1,0.0,0.0,0.01,1408
Bis Industries,1,1,1,0.0,0.0,0.01,1409
Rapid Context,1,1,1,0.0,0.0,0.01,1410
Calvary Retirement Communities Ltd,1,1,1,0.0,0.0,0.01,1411
Lands and Survey Ltd,1,1,1,0.0,0.0,0.01,1412
LI Installers,1,1,1,100.0,0.0,0.01,1413
Yong Real Estate,1,1,1,0.0,0.0,0.01,1414
Nestlé Australia Ltd,1,1,1,0.0,0.0,0.01,1415
C3 Talent,1,1,1,100.0,0.0,0.01,1416
Original Mattress Factory,1,1,1,0.0,0.0,0.01,1417
North Brisbane Wellness Services,1,1,1,0.0,0.0,0.01,1418
SPOT ON SOLAR,1,1,1,0.0,0.0,0.01,1419
Polepole Bar Pty Ltd,1,1,1,0.0,0.0,0.01,1420
Wine Country Tourist Park,1,1,1,0.0,0.0,0.01,1421
Kew Golf Club,1,1,1,0.0,0.0,0.01,1422
Mastermind Consulting,1,1,1,0.0,0.0,0.01,1423
Aioi NIssay Dowa NZ,1,1,1,0.0,0.0,0.01,1424
Christians Against Poverty,1,1,1,0.0,0.0,0.01,1425
Taxi Council of Queensland Inc,1,1,1,100.0,0.0,0.01,1426
JM Corporate Services,1,1,1,100.0,0.0,0.01,1427
Euro Electrical and Solar,1,1,1,100.0,0.0,0.01,1428
YML GROUP,1,1,1,100.0,0.0,0.01,1429
Opal Consulting Group PTY LTD,1,1,1,100.0,0.0,0.01,1430
Progressive People,1,1,1,0.0,0.0,0.01,1431
Wisteria Design,1,1,1,0.0,0.0,0.01,1432
Interflora Australian Unit Ltd,1,1,1,0.0,0.0,0.01,1433
ASC,1,1,1,0.0,0.0,0.01,1434
Recruit Assist,1,1,1,0.0,0.0,0.01,1435
HPA Incorporated,1,1,1,0.0,0.0,0.01,1436
Bedford Group,1,1,1,0.0,0.0,0.01,1437
Nicks Restaurant & Bar Group,1,1,1,0.0,0.0,0.01,1438
City West Water,1,1,1,0.0,0.0,0.01,1439
SYDNEY CRICKET & SPORTS GROUNDS,1,1,1,0.0,0.0,0.01,1440
Nous Group,1,1,1,0.0,0.0,0.01,1441
ActivateUTS,1,1,1,0.0,0.0,0.01,1442
WorkPac - Gladstone,1,1,1,100.0,0.0,0.01,1443
National Food Institute,1,1,1,0.0,0.0,0.01,1444
Crafter Medical Centre,1,1,1,0.0,0.0,0.01,1445
Nexxa Portfolio Management,1,1,1,0.0,0.0,0.01,1446
Zen Imports Pty Ltd,1,1,1,0.0,0.0,0.01,1447
Pullman Brisbane Airport,1,1,1,100.0,0.0,0.01,1448
Adecco Transport & Logistics,1,1,1,100.0,0.0,0.01,1449
Sloanebuilt Trailers,1,1,1,0.0,0.0,0.01,1450
Dean Kath Kohler Solicitors,1,1,1,100.0,0.0,0.01,1451
Harris Home Movers,1,1,1,100.0,0.0,0.01,1452
Edith Cowan University,1,1,1,100.0,0.0,0.01,1453
WT Partnership,1,1,1,0.0,0.0,0.01,1454
Kaliba Pty Ltd,1,1,1,100.0,0.0,0.01,1455
Sandvik Mining and Construction,1,1,1,0.0,0.0,0.01,1456
Innovative Talent Recruitment,1,1,1,0.0,0.0,0.01,1457
HS Consultancy,1,1,1,0.0,0.0,0.01,1458
Bureau Limited,1,1,1,0.0,0.0,0.01,1459
Ezyfit Health Club,1,1,1,100.0,0.0,0.01,1460
Kuehne and Nagel,1,1,1,100.0,0.0,0.01,1461
The Butterfly Foundation,1,1,1,100.0,0.0,0.01,1462
Telstra Super,1,1,1,0.0,0.0,0.01,1463
Ush Dhanak Pty Ltd,1,1,1,0.0,0.0,0.01,1464
Latitude 12,1,1,1,100.0,0.0,0.01,1465
Mr. Scaffold Pty Ltd,1,1,1,0.0,0.0,0.01,1466
talentnow!,1,1,1,0.0,0.0,0.01,1467
Palmieri Conveyancing,1,1,1,100.0,0.0,0.01,1468
Tundra,1,1,1,0.0,0.0,0.01,1469
Navy Health Ltd,1,1,1,0.0,0.0,0.01,1470
Godfreys,1,1,1,0.0,0.0,0.01,1471
Roogenic,1,1,1,0.0,0.0,0.01,1472
About You Recruitment,1,1,1,100.0,0.0,0.01,1473
The Cafe Distributors,1,1,1,0.0,0.0,0.01,1474
AB Recruitment,1,1,1,0.0,0.0,0.01,1475
Amora Hotel Jamison Sydney,1,1,1,0.0,0.0,0.01,1476
Interact Pacific Pty Ltd,1,1,1,0.0,0.0,0.01,1477
Ear Science Institute Australia,1,1,1,100.0,0.0,0.01,1478
Industrie Clothing,1,1,1,100.0,0.0,0.01,1479
Pepperstone Group Limited,1,1,1,0.0,0.0,0.01,1480
De Freitas Ryan Rockingham,1,1,1,0.0,0.0,0.01,1481
WorkforceXS Blacktown,1,1,1,0.0,0.0,0.01,1482
Edwards Healthcare,1,1,1,0.0,0.0,0.01,1483
Civil Contractors Federation Victoria,1,1,1,0.0,0.0,0.01,1484
Aerial Capital Group,1,1,1,100.0,0.0,0.01,1485
Fonebox Australia Pty Ltd,1,1,1,0.0,0.0,0.01,1486
Paper Handling Equipment,1,1,1,0.0,0.0,0.01,1487
TRANSCO INTERNATIONAL (AUS) PTY LTD,1,1,1,100.0,0.0,0.01,1488
People Start,1,1,1,0.0,0.0,0.01,1489
Persona,1,1,1,100.0,0.0,0.01,1490
SHEIKE,1,1,1,0.0,0.0,0.01,1491
Weatherford,1,1,1,0.0,0.0,0.01,1492
AFL SportsReady Pty Ltd,1,1,1,0.0,0.0,0.01,1493
Divy Associates Pty Ltd,1,1,1,100.0,0.0,0.01,1494
Calabash Kennels & Cattery,1,1,1,0.0,0.0,0.01,1495
Modus Projects,1,1,1,0.0,0.0,0.01,1496
Food Professionals Australia,1,1,1,100.0,0.0,0.01,1497
Miele Australia Pty Ltd,1,1,1,0.0,0.0,0.01,1498
CK Recruitment Pty Ltd,1,1,1,100.0,0.0,0.01,1499
The Pipeline Marketing Group,1,1,1,0.0,0.0,0.01,1500
HB Group (Qld) Pty Ltd,1,1,1,0.0,0.0,0.01,1501
T&E Tools Pty Ltd.,1,1,1,0.0,0.0,0.01,1502
BusiSoft Pty Ltd,1,1,1,100.0,0.0,0.01,1503
Riddells Staffing Pty Ltd,1,1,1,0.0,0.0,0.01,1504
Oxworks™,1,1,1,0.0,0.0,0.01,1505
Bobby bebe,1,1,1,100.0,0.0,0.01,1506
Southern Plumbing Plus,1,1,1,0.0,0.0,0.01,1507
Compas Pty Ltd,1,1,1,0.0,0.0,0.01,1508
Green Options,1,1,1,0.0,0.0,0.01,1509
AgResearch,1,1,1,0.0,0.0,0.01,1510
"Weston, Woodley & Robertson",1,1,1,0.0,0.0,0.01,1511
North East Group,1,1,1,0.0,0.0,0.01,1512
Urban Fountains and Furniture Pty Ltd,1,1,1,0.0,0.0,0.01,1513
Sure People Solutions Pty Ltd,1,1,1,0.0,0.0,0.01,1514
Hanns Recruitment,1,1,1,0.0,0.0,0.01,1515
HG Innovations Pty Ltd,1,1,1,100.0,0.0,0.01,1516
HCL Australia Services Pty Ltd,1,1,1,100.0,0.0,0.01,1517
Interactive Pty Ltd,1,1,1,0.0,0.0,0.01,1518
Sonic Clinical Trials Pty Ltd,1,1,1,0.0,0.0,0.01,1519
Early Learning Group Pty Ltd,1,1,1,0.0,0.0,0.01,1520
The Entertainment Grounds,1,1,1,100.0,0.0,0.01,1521
Sentrian Pty Ltd,1,1,1,100.0,0.0,0.01,1522
Brubecks,1,1,1,0.0,0.0,0.01,1523
Homebodii,1,1,1,0.0,0.0,0.01,1524
Hawkes Bay Regional Council,1,1,1,100.0,0.0,0.01,1525
ROKT Pty Ltd,1,1,1,0.0,0.0,0.01,1526
Culture Kings,1,1,1,0.0,0.0,0.01,1527
Celotti Workforce,1,1,1,0.0,0.0,0.01,1528
The Thoracic Society Australia New Zealand,1,1,1,100.0,0.0,0.01,1529
NUVO,1,1,1,0.0,0.0,0.01,1530
City of Cockburn,1,1,1,0.0,0.0,0.01,1531
Nobby Kitchens,1,1,1,0.0,0.0,0.01,1532
Winning Group,1,1,1,0.0,0.0,0.01,1533
Langdon Ingredients,1,1,1,0.0,0.0,0.01,1534
Accountancy Connect,1,1,1,0.0,0.0,0.01,1535
Globe Group,1,1,1,100.0,0.0,0.01,1536
ITC Pacific Pty Ltd,1,1,1,0.0,0.0,0.01,1537
Complete Supply Co Pty Ltd,1,1,1,0.0,0.0,0.01,1538
SRG Global,1,1,1,0.0,0.0,0.01,1539
Linked Consulting,1,1,1,0.0,0.0,0.01,1540
Joblife,1,1,1,0.0,0.0,0.01,1541
Wunderhaus,1,1,1,0.0,0.0,0.01,1542
Talk Business Technology,1,1,1,100.0,0.0,0.01,1543
ZOUKI GROUP OF COMPANIES - ADMIN,1,1,1,0.0,0.0,0.01,1544
Dattner Grant Pty Ltd,1,1,1,0.0,0.0,0.01,1545
C!NC Hotels,1,1,1,100.0,0.0,0.01,1546
Dr Drapes Curtain Clinic,1,1,1,0.0,0.0,0.01,1547
Boeing Australia Holdings,1,1,1,0.0,0.0,0.01,1548
Spencer Lane,1,1,1,100.0,0.0,0.01,1549
Dermalogica Pty Ltd,1,1,1,100.0,0.0,0.01,1550
Cater Mart Pty Ltd,1,1,1,100.0,0.0,0.01,1551
Action on Disability within Ethnic Communities Inc (ADEC),1,1,1,0.0,0.0,0.01,1552
Woodside Energy Ltd.,1,1,1,0.0,0.0,0.01,1553
Newcastle Skin Check,1,1,1,0.0,0.0,0.01,1554
Syrene Skincare,1,1,1,0.0,0.0,0.01,1555
Simply Energy,1,1,1,0.0,0.0,0.01,1556
Beer Wine Spirits,1,1,1,0.0,0.0,0.01,1557
Richmond Early Learning Centre,1,1,1,100.0,0.0,0.01,1558
Glenray Industries Limited,1,1,1,0.0,0.0,0.01,1559
Auckland University Of Technology,1,1,1,0.0,0.0,0.01,1560
STAL Employment Lawyers,1,1,1,0.0,0.0,0.01,1561
Anthony Squires,1,1,1,0.0,0.0,0.01,1562
George & Matilda Eyecare,1,1,1,0.0,0.0,0.01,1563
PS&C Group,1,1,1,0.0,0.0,0.01,1564
Weir Minerals Australia Ltd,1,1,1,0.0,0.0,0.01,1565
MLA Holdings Pty Ltd,1,1,1,0.0,0.0,0.01,1566
Howard Park Wines,1,1,1,0.0,0.0,0.01,1567
Madison Tower Mill Hotel,1,1,1,100.0,0.0,0.01,1568
MindAtlas - Learning & Performance,1,1,1,0.0,0.0,0.01,1569
Northline,1,1,1,100.0,0.0,0.01,1570
EMS Group Pty Ltd,1,1,1,0.0,0.0,0.01,1571
Fulton Hogan Pty Ltd,1,1,1,100.0,0.0,0.01,1572
MTC Recruitment limited,1,1,1,0.0,0.0,0.01,1573
Vassallo Constructions Pty Ltd,1,1,1,0.0,0.0,0.01,1574
Sedgman Limited,1,1,1,0.0,0.0,0.01,1575
Revolution IT,1,1,1,0.0,0.0,0.01,1576
VETHAAK MEDIA PTY LTD,1,1,1,0.0,0.0,0.01,1577
Scotford & Fennessy,1,1,1,0.0,0.0,0.01,1578
Jackson Recruitment,1,1,1,0.0,0.0,0.01,1579
Lomas Executive Pty Ltd,1,1,1,0.0,0.0,0.01,1580
APG & Co,1,1,1,0.0,0.0,0.01,1581
The People Place,1,1,1,0.0,0.0,0.01,1582
Real Equity Estate Agents,1,1,1,100.0,0.0,0.01,1583
The Talent Kitchen,1,1,1,0.0,0.0,0.01,1584
PLD Literacy and Learning,1,1,1,0.0,0.0,0.01,1585
Peninsula Gastroenterology,1,1,1,0.0,0.0,0.01,1586
Rockliffs Solicitors,1,1,1,0.0,0.0,0.01,1587
Office Solutions,1,1,1,100.0,0.0,0.01,1588
Boehunter Talent Acquisition,1,1,1,0.0,0.0,0.01,1589
Martinus Rail,1,1,1,0.0,0.0,0.01,1590
Pullman Resort Bunker Bay,1,1,1,0.0,0.0,0.01,1591
Karen Willis Holmes,1,1,1,0.0,0.0,0.01,1592
Waterford Wedgwood Royal Doulton,1,1,1,0.0,0.0,0.01,1593
Capital Design Works,1,1,1,100.0,0.0,0.01,1594
Domayne,1,1,1,100.0,0.0,0.01,1595
Gian Hospitality,1,1,1,0.0,0.0,0.01,1596
CBD Recruitment,1,1,1,0.0,0.0,0.01,1597
Orara Farms,1,1,1,0.0,0.0,0.01,1598
Hays Defence,1,1,1,0.0,0.0,0.01,1599
Fast Future Brands,1,1,1,0.0,0.0,0.01,1600
LITT GLOBAL,1,1,1,100.0,0.0,0.01,1601
Fisher and Paykel Healthcare,1,1,1,0.0,0.0,0.01,1602
Fonda Mexican,1,1,1,100.0,0.0,0.01,1603
Blue Packets,1,1,1,0.0,0.0,0.01,1604
TTM Rail,1,1,1,0.0,0.0,0.01,1605
Andrew Socnik All Property Services,1,1,1,0.0,0.0,0.01,1606
Affordable Industry Training Pty Ltd,1,1,1,100.0,0.0,0.01,1607
All So Cool P/L,1,1,1,100.0,0.0,0.01,1608
Camden Council,1,1,1,0.0,0.0,0.01,1609
Wellington Shire Council,1,1,1,100.0,0.0,0.01,1610
Mobile Icon Pty Ltd,1,1,1,0.0,0.0,0.01,1611
Il Buco Kitchen,1,1,1,0.0,0.0,0.01,1612
United Media Group,1,1,1,0.0,0.0,0.01,1613
Blue Mountains City Council,1,1,1,0.0,0.0,0.01,1614
Randstad – Inhouse Services,1,1,1,0.0,0.0,0.01,1615
CHOICE DENTAL GROUP P/L,1,1,1,100.0,0.0,0.01,1616
AISI,1,1,1,0.0,0.0,0.01,1617
VGW,1,1,1,0.0,0.0,0.01,1618
Results Direct P/L,1,1,1,100.0,0.0,0.01,1619
Workforce Partners Recruitment Pty. Ltd,1,1,1,0.0,0.0,0.01,1620
Astrotec Pty Ltd,1,1,1,0.0,0.0,0.01,1621
Western Sydney University Sydney City Campus,1,1,1,0.0,0.0,0.01,1622
Protech WA,1,1,1,0.0,0.0,0.01,1623
Tech 5 - Recruiting for the Built Environment,1,1,1,100.0,0.0,0.01,1624
Victoria Legal Aid,1,1,1,100.0,0.0,0.01,1625
Durnco Group Pty Ltd,1,1,1,0.0,0.0,0.01,1626
South32 Group Operations Pty Ltd,1,1,1,0.0,0.0,0.01,1627
Allegra Recruitment Pty Ltd,1,1,1,100.0,0.0,0.01,1628
Vital Chemical,1,1,1,100.0,0.0,0.01,1629
Devonport City Council,1,1,1,0.0,0.0,0.01,1630
Royal Oak Hotel,1,1,1,0.0,0.0,0.01,1631
REMONDIS Australia Pty Ltd,1,1,1,0.0,0.0,0.01,1632
TRS,1,1,1,100.0,0.0,0.01,1633
IQ Group,1,1,1,0.0,0.0,0.01,1634
Hugo Personnel,1,1,1,0.0,0.0,0.01,1635
Twilio,1,1,1,0.0,0.0,0.01,1636
People in Focus,1,1,1,0.0,0.0,0.01,1637
Agility Physiotherapy and Pilates,1,1,1,0.0,0.0,0.01,1638
Teachers Mutual Bank,1,1,1,0.0,0.0,0.01,1639
Parramatta Carpet Court,1,1,1,0.0,0.0,0.01,1640
Hospice Waikato,1,1,1,0.0,0.0,0.01,1641
Frontline Retail - ACT & Southern NSW,1,1,1,100.0,0.0,0.01,1642
Rookie Recruits Pty Ltd,1,1,1,0.0,0.0,0.01,1643
MooGoo Skin Care Pty Ltd,1,1,1,0.0,0.0,0.01,1644
Bindon-Howell & Associates,1,1,1,0.0,0.0,0.01,1645
Tellus Holdings,1,1,1,0.0,0.0,0.01,1646
CARECHOICE,1,1,1,0.0,0.0,0.01,1647
ROPS Engineering Australia Pty Ltd,1,1,1,0.0,0.0,0.01,1648
Workforce Positive,1,1,1,0.0,0.0,0.01,1649
Chorus Call,1,1,1,100.0,0.0,0.01,1650
The Mabel Cafe Pty Ltd,1,1,1,0.0,0.0,0.01,1651
Allan Hall HR,1,1,1,100.0,0.0,0.01,1652
Labour Power QLD,1,1,1,0.0,0.0,0.01,1653
Thunderbird Ag,1,1,1,0.0,0.0,0.01,1654
Women's Legal Service,1,1,1,0.0,0.0,0.01,1655
Sutherland Shire Council,1,1,1,100.0,0.0,0.01,1656
Blackbaud Consumer Solutions,1,1,1,0.0,0.0,0.01,1657
Rhino-Rack Australia Pty Limited,1,1,1,0.0,0.0,0.01,1658
Natonal waterproofing,1,1,1,0.0,0.0,0.01,1659
HR Partners – Sydney,1,1,1,100.0,0.0,0.01,1660
NHP,1,1,1,0.0,0.0,0.01,1661
MB Restaurant Consulting pty Ltd.,1,1,1,100.0,0.0,0.01,1662
Flowers on Norton St,1,1,1,0.0,0.0,0.01,1663
ROSEN Australia Pty Ltd,1,1,1,0.0,0.0,0.01,1664
LNP,1,1,1,0.0,0.0,0.01,1665
JD Security,1,1,1,0.0,0.0,0.01,1666
Superannuation Advice Australia,1,1,1,100.0,0.0,0.01,1667
Siam South Bank Pty Ltd,1,1,1,0.0,0.0,0.01,1668
Jaycar Electronics Group,1,1,1,0.0,0.0,0.01,1669
Dunbier marine,1,1,1,0.0,0.0,0.01,1670
Intro Recruitment Solutions Pty Ltd,1,1,1,0.0,0.0,0.01,1671
Jackson People Solutions,1,1,1,0.0,0.0,0.01,1672
Lenard's Chicken,1,1,1,100.0,0.0,0.01,1673
IAG NZ Ltd,1,1,1,0.0,0.0,0.01,1674
Pt Leo Estate,1,1,1,0.0,0.0,0.01,1675
GMTS Recruitment,1,1,1,0.0,0.0,0.01,1676
City of Melbourne,1,1,1,0.0,0.0,0.01,1677
Gilbert + Tobin,1,1,1,0.0,0.0,0.01,1678
Wellcom Group Ltd,1,1,1,0.0,0.0,0.01,1679
Corestaff Sydney,1,1,1,100.0,0.0,0.01,1680
Pearl Recruitment Group,1,1,1,100.0,0.0,0.01,1681
Independent Police Conduct Authority,1,1,1,0.0,0.0,0.01,1682
ResourceCo,1,1,1,0.0,0.0,0.01,1683
Australian Professional Education Institute Pty Ltd,1,1,1,0.0,0.0,0.01,1684
Qepoxy,1,1,1,100.0,0.0,0.01,1685
BDO,1,1,1,0.0,0.0,0.01,1686
DBM Vircon Services (Australia) Pty Ltd,1,1,1,0.0,0.0,0.01,1687
Torga Optical,1,1,1,100.0,0.0,0.01,1688
NSW Business Chamber,1,1,1,0.0,0.0,0.01,1689
Scenic Rim Regional Council,1,1,1,0.0,0.0,0.01,1690
TLH Services,1,1,1,100.0,0.0,0.01,1691
F45 Grey Lynn,1,1,1,100.0,0.0,0.01,1692
Club Digital,1,1,1,0.0,0.0,0.01,1693
Muster Limited,1,1,1,0.0,0.0,0.01,1694
Mitchell Operations Pty Ltd,1,1,1,0.0,0.0,0.01,1695
Poolwerx Corporation Pty Ltd,1,1,1,0.0,0.0,0.01,1696
Alexander James Limited,1,1,1,0.0,0.0,0.01,1697
NORTEC Employment and Training Ltd,1,1,1,0.0,0.0,0.01,1698
CareDx Pty Ltd,1,1,1,100.0,0.0,0.01,1699
MELTON CITY COUNCIL,1,1,1,100.0,0.0,0.01,1700
Harry the Hirer,1,1,1,0.0,0.0,0.01,1701
ANZ Drive,1,1,1,0.0,0.0,0.01,1702
Auckland Airport,1,1,1,0.0,0.0,0.01,1703
Economic Regulation Authority,1,1,1,100.0,0.0,0.01,1704
Property Profile Group,1,1,1,0.0,0.0,0.01,1705
JB Hi Fi Group Pty Ltd,1,1,1,0.0,0.0,0.01,1706
Orion Group,1,1,1,0.0,0.0,0.01,1707
Protech Group,1,1,1,0.0,0.0,0.01,1708
Vystal,1,1,1,0.0,0.0,0.01,1709
instinct and reason pty limited,1,1,1,0.0,0.0,0.01,1710
Civic Transport,1,1,1,0.0,0.0,0.01,1711
Early Settler,1,1,1,0.0,0.0,0.01,1712
Enatel,1,1,1,0.0,0.0,0.01,1713
The Pump House,1,1,1,0.0,0.0,0.01,1714
Alog (Australia) Pty Ltd,1,1,1,0.0,0.0,0.01,1715
Percash Pty Ltd,1,1,1,0.0,0.0,0.01,1716
GPT Group,1,1,1,100.0,0.0,0.01,1717
OCG Consulting Ltd,1,1,1,100.0,0.0,0.01,1718
CHEP Australia,1,1,1,100.0,0.0,0.01,1719
Vantage Fuels,1,1,1,0.0,0.0,0.01,1720
Town Inn Pty Ltd,1,1,1,0.0,0.0,0.01,1721
Allied Health Admin Services,1,1,1,100.0,0.0,0.01,1722
Artvo,1,1,1,0.0,0.0,0.01,1723
CAPITAL TRANSPORT,1,1,1,0.0,0.0,0.01,1724
JFD Australia,1,1,1,0.0,0.0,0.01,1725
WorkCover Queensland,1,1,1,100.0,0.0,0.01,1726
METTLER TOLEDO,1,1,1,0.0,0.0,0.01,1727
Angle House Orthodontics,1,1,1,0.0,0.0,0.01,1728
All Seasons Turf,1,1,1,0.0,0.0,0.01,1729
City of Campbelltown,1,1,1,100.0,0.0,0.01,1730
Vanderfield Pty Ltd,1,1,1,0.0,0.0,0.01,1731
Levi Strauss (Aust) Pty Ltd,1,1,1,0.0,0.0,0.01,1732
Central Desert Regional Council,1,1,1,100.0,0.0,0.01,1733
Deakin University Student Association,1,1,1,100.0,0.0,0.01,1734
Wilson & Bradley PTY LTD,1,1,1,0.0,0.0,0.01,1735
Didgeridoo Harvesting and Haulage Pty Ltd,1,1,1,100.0,0.0,0.01,1736
Yarra Vascular Surgeons,1,1,1,100.0,0.0,0.01,1737
Geneva Healthcare Ltd,1,1,1,100.0,0.0,0.01,1738
Wise Group,1,1,1,0.0,0.0,0.01,1739
Royal New Zealand Plunket Trust,1,1,1,0.0,0.0,0.01,1740
QML Pathology,1,1,1,0.0,0.0,0.01,1741
Canberra Microsurgery,1,1,1,0.0,0.0,0.01,1742
National Dental Care,1,1,1,0.0,0.0,0.01,1743
Multum Tech Pty Ltd,1,1,1,100.0,0.0,0.01,1744
Code Black Consulting,1,1,1,0.0,0.0,0.01,1745
Oneflare Pty Ltd,1,1,1,100.0,0.0,0.01,1746
Rapid Haulage,1,1,1,0.0,0.0,0.01,1747
Debt Negotiators,1,1,1,100.0,0.0,0.01,1748
Harrolds Australia's Luxury Department Store,1,1,1,0.0,0.0,0.01,1749
ESP Healthcare,1,1,1,100.0,0.0,0.01,1750
Reed Exhibitions,1,1,1,0.0,0.0,0.01,1751
Aurora Insurance,1,1,1,0.0,0.0,0.01,1752
Keith Andrews Trucks Ltd,1,1,1,0.0,0.0,0.01,1753
Australian Investors Association,1,1,1,100.0,0.0,0.01,1754
Metroll Victoria Pty Ltd,1,1,1,0.0,0.0,0.01,1755
scanbrands,1,1,1,100.0,0.0,0.01,1756
The Natural Grocery Company,1,1,1,0.0,0.0,0.01,1757
Santos Ltd,1,1,1,0.0,0.0,0.01,1758
Ona Coffee,1,1,1,0.0,0.0,0.01,1759
Rydges Newcastle,1,1,1,0.0,0.0,0.01,1760
The Athenaeum Club,1,1,1,100.0,0.0,0.01,1761
Omni Recruit,1,1,1,0.0,0.0,0.01,1762
The Friday Group Pty Ltd,1,1,1,0.0,0.0,0.01,1763
Grill'd Healthy Burgers,1,1,1,100.0,0.0,0.01,1764
Novotel & Ibis Melbourne Central,1,1,1,0.0,0.0,0.01,1765
Rockwell Automation,1,1,1,0.0,0.0,0.01,1766
OnTalent Pty Ltd,1,1,1,0.0,0.0,0.01,1767
Ready Industries,1,1,1,0.0,0.0,0.01,1768
Edge Visionary Living,1,1,1,0.0,0.0,0.01,1769
Clear Search,1,1,1,0.0,0.0,0.01,1770
Agile Services Pty Ltd,1,1,1,0.0,0.0,0.01,1771
McCulloch & Buggy,1,1,1,0.0,0.0,0.01,1772
Iman Business Solutions,1,1,1,0.0,0.0,0.01,1773
Montrose Therapy & Respite Services,1,1,1,0.0,0.0,0.01,1774
Evergen,1,1,1,0.0,0.0,0.01,1775
Roobix,1,1,1,100.0,0.0,0.01,1776
Fernwood Womens Health Clubs,1,1,1,0.0,0.0,0.01,1777
Ruralco Holdings Limited,1,1,1,0.0,0.0,0.01,1778
Compass Matin Pty Ltd,1,1,1,0.0,0.0,0.01,1779
Kanebridge,1,1,1,100.0,0.0,0.01,1780
Southern Truck Centre Pty Ltd,1,1,1,0.0,0.0,0.01,1781
Total Personnel,1,1,1,0.0,0.0,0.01,1782
ABI Interiors,1,1,1,0.0,0.0,0.01,1783
RCP,1,1,1,0.0,0.0,0.01,1784
Riverleigh Homes,1,1,1,0.0,0.0,0.01,1785
City of West Torrens,1,1,1,0.0,0.0,0.01,1786
The Doctors Werribee,1,1,1,100.0,0.0,0.01,1787
CHARTERED ACCOUNTANTS  AUSTRALIA AND NEW ZEALAND,1,1,1,0.0,0.0,0.01,1788
Icon Engineering,1,1,1,0.0,0.0,0.01,1789
MLC Life Insurance,1,1,1,100.0,0.0,0.01,1790
Summer Foundation,1,1,1,0.0,0.0,0.01,1791
Global Food & Wine,1,1,1,0.0,0.0,0.01,1792
Welldrill,1,1,1,0.0,0.0,0.01,1793
Yass Real Estate,1,1,1,0.0,0.0,0.01,1794
Sunbather Pty Ltd,1,1,1,0.0,0.0,0.01,1795
CHESS,1,1,1,0.0,0.0,0.01,1796
MECCA Brands Pty Ltd,1,1,1,0.0,0.0,0.01,1797
547 Group Ltd,1,1,1,0.0,0.0,0.01,1798
HIGHLAND PROPERTY,1,1,1,0.0,0.0,0.01,1799
NATA,1,1,1,0.0,0.0,0.01,1800
"Department of Jobs, Precincts and Regions",1,1,1,100.0,0.0,0.01,1801
International strata managememt,1,1,1,100.0,0.0,0.01,1802
Ten Minutes By Tractor,1,1,1,0.0,0.0,0.01,1803
Peninsula Personnel,1,1,1,100.0,0.0,0.01,1804
Crown Worldwide (NZ) Ltd,1,1,1,0.0,0.0,0.01,1805
MetLife Insurance Limited,1,1,1,0.0,0.0,0.01,1806
THE BMD GROUP,1,1,1,0.0,0.0,0.01,1807
Melbourne Food Distributors,1,1,1,0.0,0.0,0.01,1808
Australian Biotechnologies,1,1,1,100.0,0.0,0.01,1809
Connections,1,1,1,0.0,0.0,0.01,1810
Monadelphous,1,1,1,0.0,0.0,0.01,1811
RxMx Australia,1,1,1,0.0,0.0,0.01,1812
SNC-Lavalin Australia PTY LTD,1,1,1,0.0,0.0,0.01,1813
JAF Australia,1,1,1,0.0,0.0,0.01,1814
CG Recruitment,1,1,1,0.0,0.0,0.01,1815
nettex australia,1,1,1,0.0,0.0,0.01,1816
Royal Financial Trading Pty Ltd,1,1,1,0.0,0.0,0.01,1817
Canberra Town Planning,1,1,1,100.0,0.0,0.01,1818
CPN Commercial Group,1,1,1,0.0,0.0,0.01,1819
LED Lighten Pty Ltd,1,1,1,0.0,0.0,0.01,1820
Get Real Workwear & Safety Mackay,1,1,1,0.0,0.0,0.01,1821
CPB Contractors NSW | ACT,1,1,1,0.0,0.0,0.01,1822
Environmental Protection Authority (EPA),1,1,1,0.0,0.0,0.01,1823
Risk Management Technologies,1,1,1,0.0,0.0,0.01,1824
Hays Logistics,1,1,1,0.0,0.0,0.01,1825
CBPA Group,1,1,1,100.0,0.0,0.01,1826
Kin Property Pty Ltd,1,1,1,0.0,0.0,0.01,1827
Northpoint Toyota,1,1,1,0.0,0.0,0.01,1828
eReports,1,1,1,0.0,0.0,0.01,1829
Winworth Investment Pty Ltd,1,1,1,100.0,0.0,0.01,1830
RSL LifeCare Narrabeen,1,1,1,100.0,0.0,0.01,1831
National Crime Check,1,1,1,100.0,0.0,0.01,1832
GoodHealth Physiotherapy Service,1,1,1,100.0,0.0,0.01,1833
Margaret River Vintners,1,1,1,0.0,0.0,0.01,1834
Noggin,1,1,1,100.0,0.0,0.01,1835
Dexcon Civil Pty Ltd,1,1,1,0.0,0.0,0.01,1836
"International College of Management, Sydney",1,1,1,0.0,0.0,0.01,1837
Central Coast Local Health District,1,1,1,0.0,0.0,0.01,1838
Subee Pty Ltd,1,1,1,0.0,0.0,0.01,1839
Taranis Power Group,1,1,1,0.0,0.0,0.01,1840
Life Care,1,1,1,0.0,0.0,0.01,1841
Budget Rent A Car,1,1,1,0.0,0.0,0.01,1842
Mons Royale,1,1,1,0.0,0.0,0.01,1843
Enterprise Management Group,1,1,1,0.0,0.0,0.01,1844
Pinstripe Recruitment,1,1,1,100.0,0.0,0.01,1845
Wiley & Co Pty Ltd,1,1,1,0.0,0.0,0.01,1846
Grand Landscape Services,1,1,1,100.0,0.0,0.01,1847
Stenhouse Recruitment Services,1,1,1,100.0,0.0,0.01,1848
Architecture Caisson,1,1,1,0.0,0.0,0.01,1849
Limitless Health Nz Limited,1,1,1,0.0,0.0,0.01,1850
Lampe Family Lawyers,1,1,1,0.0,0.0,0.01,1851
Red Resources,1,1,1,0.0,0.0,0.01,1852
MOTORCYCLE DISTRIBUTORS AUSTRALIA PTY LTD,1,1,1,100.0,0.0,0.01,1853
Dubber Pty Ltd,1,1,1,0.0,0.0,0.01,1854
Homestyle Aged Care,1,1,1,0.0,0.0,0.01,1855
Spring Professional Engineering,1,1,1,100.0,0.0,0.01,1856
Workstar Tech (Aust) Pty Ltd,1,1,1,0.0,0.0,0.01,1857
Kennards Self Storage,1,1,1,0.0,0.0,0.01,1858
Marlow Hotel Management,1,1,1,0.0,0.0,0.01,1859
The Recruitment Project,1,1,1,0.0,0.0,0.01,1860
Hanson Australia Pty Ltd,1,1,1,100.0,0.0,0.01,1861
Q Consulting Group,1,1,1,100.0,0.0,0.01,1862
DSC Personnel,1,1,1,0.0,0.0,0.01,1863
St Catherine's School Waverley,1,1,1,0.0,0.0,0.01,1864
Sydney Swans Limited,1,1,1,0.0,0.0,0.01,1865
The Monkeys,1,1,1,0.0,0.0,0.01,1866
Te Wananga o Aotearoa,1,1,1,0.0,0.0,0.01,1867
Talent Focus,1,1,1,0.0,0.0,0.01,1868
Queensland Linen Services Pty Ltd,1,1,1,0.0,0.0,0.01,1869
Menarock LIFE,1,1,1,0.0,0.0,0.01,1870
Ministry for the Environment,1,1,1,0.0,0.0,0.01,1871
Complete Recruitment Solutions P/L,1,1,1,100.0,0.0,0.01,1872
Renergize,1,1,1,0.0,0.0,0.01,1873
Medic Aid W.A.,1,1,1,0.0,0.0,0.01,1874
Qualitas Health Australia,1,1,1,0.0,0.0,0.01,1875
Valued Lives Foundation,1,1,1,0.0,0.0,0.01,1876
Bachmann Orthodontics,1,1,1,0.0,0.0,0.01,1877
Apollo Motorhome Holidays,1,1,1,0.0,0.0,0.01,1878
Hope Street,1,1,1,0.0,0.0,0.01,1879
NOJA Power Switchgear Pty Ltd,1,1,1,0.0,0.0,0.01,1880
YULEBA MINERALS PTY LTD,1,1,1,100.0,0.0,0.01,1881
Ranbury Management Group,1,1,1,0.0,0.0,0.01,1882
Skillforce Recruitment Pty Ltd,1,1,1,100.0,0.0,0.01,1883
Chelgrave Contracting Australia Pty Ltd,1,1,1,0.0,0.0,0.01,1884
Kova Furniture Removals,1,1,1,0.0,0.0,0.01,1885
Shinn Fu Australia Pty Ltd,1,1,1,0.0,0.0,0.01,1886
Reign Group,1,1,1,0.0,0.0,0.01,1887
VINCE CORDOMA TRANSPORT,1,1,1,0.0,0.0,0.01,1888
Second Skin,1,1,1,0.0,0.0,0.01,1889
Manly Fish Market,1,1,1,0.0,0.0,0.01,1890
Aviation Labour Group,1,1,1,0.0,0.0,0.01,1891
Bethany Community Support,1,1,1,0.0,0.0,0.01,1892
Square Keg,1,1,1,0.0,0.0,0.01,1893
AMDOCS,1,1,1,0.0,0.0,0.01,1894
Burgess Paluch Legal Recruitment,1,1,1,100.0,0.0,0.01,1895
A2Z Sheetmetal Pty Ltd,1,1,1,100.0,0.0,0.01,1896
LSBJV,1,1,1,0.0,0.0,0.01,1897
Stropro,1,1,1,0.0,0.0,0.01,1898
Royal Flying Doctor Service SES,1,1,1,0.0,0.0,0.01,1899
Creative Nation,1,1,1,0.0,0.0,0.01,1900
JVCKENWOOD Australia Pty Ltd,1,1,1,0.0,0.0,0.01,1901
A.R. Medicom (Australia) Pty Ltd,1,1,1,0.0,0.0,0.01,1902
CustomAir Automotive Airconditioning,1,1,1,0.0,0.0,0.01,1903
Delnas Metal Roofing Pty Ltd,1,1,1,100.0,0.0,0.01,1904
King Personnel,1,1,1,100.0,0.0,0.01,1905
Johnson Controls,1,1,1,0.0,0.0,0.01,1906
Aspire Indigenous,1,1,1,0.0,0.0,0.01,1907
Soul Origin Australia Pty Ltd,1,1,1,0.0,0.0,0.01,1908
Frontline Retail Wellington,1,1,1,0.0,0.0,0.01,1909
Grow Capital,1,1,1,100.0,0.0,0.01,1910
Drake New Zealand - Auckland West,1,1,1,0.0,0.0,0.01,1911
Hengyi Pacific,1,1,1,0.0,0.0,0.01,1912
Converged Technology,1,1,1,0.0,0.0,0.01,1913
Pier St Investments Pty Ltd,1,1,1,0.0,0.0,0.01,1914
The Eastern Hotel Group,1,1,1,0.0,0.0,0.01,1915
Savvy Squire,1,1,1,0.0,0.0,0.01,1916
Frontline Hospitality Sydney,1,1,1,100.0,0.0,0.01,1917
Australian Radio Network Pty Limited,1,1,1,0.0,0.0,0.01,1918
Prime Creative Media,1,1,1,0.0,0.0,0.01,1919
Saul Recruitment,1,1,1,0.0,0.0,0.01,1920
Outcare,1,1,1,0.0,0.0,0.01,1921
Prowler Proof,1,1,1,100.0,0.0,0.01,1922
IKON Commodities Pty Ltd,1,1,1,0.0,0.0,0.01,1923
Iconic Hotels,1,1,1,0.0,0.0,0.01,1924
Black Pepper Brands Pty Ltd,1,1,1,0.0,0.0,0.01,1925
BOLLORE LOGISTICS AUSTRALIA PTY LTD,1,1,1,0.0,0.0,0.01,1926
Cash Stop Financial Services,1,1,1,100.0,0.0,0.01,1927
First Graphene Ltd,1,1,1,0.0,0.0,0.01,1928
The Italian Food Project,1,1,1,100.0,0.0,0.01,1929
Canterbury League Club,1,1,1,0.0,0.0,0.01,1930
Direct Chemist Outlet,1,1,1,0.0,0.0,0.01,1931
whitecollarblue pty ltd,1,1,1,100.0,0.0,0.01,1932
ProMain Recruitment,1,1,1,100.0,0.0,0.01,1933
Ralph Lauren Australia Pty Ltd,1,1,1,0.0,0.0,0.01,1934
Rarestone Gaming,1,1,1,0.0,0.0,0.01,1935
DE Group Entertainment,1,1,1,0.0,0.0,0.01,1936
Longbeach RSL Sub Branch Inc,1,1,1,0.0,0.0,0.01,1937
Barlens,1,1,1,0.0,0.0,0.01,1938
Ultimate You Bowen Hills,1,1,1,100.0,0.0,0.01,1939
iGreenData,1,1,1,100.0,0.0,0.01,1940
Central Innovation Recruitment Solutions,1,1,1,0.0,0.0,0.01,1941
Hellenika,1,1,1,0.0,0.0,0.01,1942
John Hill & Co,1,1,1,0.0,0.0,0.01,1943
Robert Sharp Real Estate Pty Ltd The Professionals,1,1,1,0.0,0.0,0.01,1944
Advanced Circular Polymers Pty Ltd,1,1,1,100.0,0.0,0.01,1945
Cape York Partnership,1,1,1,0.0,0.0,0.01,1946
Partners Life,1,1,1,0.0,0.0,0.01,1947
Sage Hotel Adelaide,1,1,1,100.0,0.0,0.01,1948
Creative Entertainment Agency,1,1,1,0.0,0.0,0.01,1949
PRP Diagnostic Imaging Pty Ltd,1,1,1,100.0,0.0,0.01,1950
Newmont Goldcorp Australia,1,1,1,0.0,0.0,0.01,1951
Exact Contracting,1,1,1,0.0,0.0,0.01,1952
DHL Supply Chain (Australia) Pty Ltd,1,1,1,0.0,0.0,0.01,1953
Deluxe Cleaning,1,1,1,0.0,0.0,0.01,1954
MCT Motorsport Pty Ltd,1,1,1,100.0,0.0,0.01,1955
VEC LTD,1,1,1,0.0,0.0,0.01,1956
RSM People,1,1,1,0.0,0.0,0.01,1957
Evolution Health,1,1,1,0.0,0.0,0.01,1958
The Print Department,1,1,1,0.0,0.0,0.01,1959
Raven's Recruitment Pty Ltd,1,1,1,0.0,0.0,0.01,1960
Priceline Pharmacy Canning Vale,1,1,1,0.0,0.0,0.01,1961
Symmetry HR – VIC Industrial,1,1,1,100.0,0.0,0.01,1962
Rogers Distribution Limited,1,1,1,0.0,0.0,0.01,1963
IDEMIA Australasia Pty Ltd,1,1,1,0.0,0.0,0.01,1964
Saluda Medical,1,1,1,0.0,0.0,0.01,1965
Ocean Physiotherapy,1,1,1,0.0,0.0,0.01,1966
ATCO Structures & Logistics Pty Ltd,1,1,1,0.0,0.0,0.01,1967
Juniper,1,1,1,0.0,0.0,0.01,1968
Belmont Pool Shop,1,1,1,0.0,0.0,0.01,1969
Techspace Consulting Limited,1,1,1,0.0,0.0,0.01,1970
Hays Retail,1,1,1,100.0,0.0,0.01,1971
The Banner Crew,1,1,1,0.0,0.0,0.01,1972
Lounges Plus,1,1,1,0.0,0.0,0.01,1973
McPherson's Consumer Products,1,1,1,0.0,0.0,0.01,1974
eFlux,1,1,1,0.0,0.0,0.01,1975
Iluka Resources Limited,1,1,1,0.0,0.0,0.01,1976
Alphaline Group Pty Ltd,1,1,1,100.0,0.0,0.01,1977
Irvine Strata,1,1,1,0.0,0.0,0.01,1978
General Practice Training Queensland,1,1,1,0.0,0.0,0.01,1979
The Department of Customer Service,1,1,1,0.0,0.0,0.01,1980
Metropolitan Fire and Emergency Services Board,1,1,1,100.0,0.0,0.01,1981
WaterGroup Pty Ltd,1,1,1,0.0,0.0,0.01,1982
Central Security Distribution,1,1,1,0.0,0.0,0.01,1983
Australian Glass Group,1,1,1,0.0,0.0,0.01,1984
Wheel&Barrow Homewares,1,1,1,0.0,0.0,0.01,1985
AutoNexus,1,1,1,0.0,0.0,0.01,1986
The Apprentice and Traineeship Company,1,1,1,0.0,0.0,0.01,1987
John Matthew & Sons,1,1,1,0.0,0.0,0.01,1988
Interpro - VIC,1,1,1,0.0,0.0,0.01,1989
Ross's Plumbing,1,1,1,0.0,0.0,0.01,1990
Plancost Australia Pty Ltd,1,1,1,0.0,0.0,0.01,1991
All Purpose Transport,1,1,1,0.0,0.0,0.01,1992
BevChain,1,1,1,0.0,0.0,0.01,1993
Construct Consulting Group,1,1,1,100.0,0.0,0.01,1994
NSW (M&H) Air Conditioning Pty Limited,1,1,1,0.0,0.0,0.01,1995
TRG,1,1,1,0.0,0.0,0.01,1996
Australian Apprenticeships Network NT,1,1,1,100.0,0.0,0.01,1997
Strategic Industry Solutions,1,1,1,0.0,0.0,0.01,1998
Royal Freemasons' Benevolent Institution,1,1,1,0.0,0.0,0.01,1999
Hyatt Regency Sydney,1,1,1,0.0,0.0,0.01,2000
Latrobe City Council,1,1,1,0.0,0.0,0.01,2001
Latitude Recruitment,1,1,1,0.0,0.0,0.01,2002
Nexia Edwards Marshall,1,1,1,0.0,0.0,0.01,2003
Romeos Retail Group,1,1,1,0.0,0.0,0.01,2004
LPS,1,1,1,0.0,0.0,0.01,2005
Mindset Group,1,1,1,0.0,0.0,0.01,2006
St John Ambulance WA,1,1,1,0.0,0.0,0.01,2007
I'm In The Right,1,1,1,0.0,0.0,0.01,2008
Lloyd Connect,1,1,1,0.0,0.0,0.01,2009
Oxford Medical Centre Epping,1,1,1,0.0,0.0,0.01,2010
Southern Cross Blinds,1,1,1,0.0,0.0,0.01,2011
InfoTrack Pty Ltd,1,1,1,0.0,0.0,0.01,2012
Scharp Group,1,1,1,100.0,0.0,0.01,2013
Sthree Group,1,1,1,0.0,0.0,0.01,2014
Kona and Co.,1,1,1,100.0,0.0,0.01,2015
LEADERSEN,1,1,1,0.0,0.0,0.01,2016
New Vale Ohai Coal,1,1,1,0.0,0.0,0.01,2017
Wanslea Family Services,1,1,1,0.0,0.0,0.01,2018
Paradise Resort Gold Coast,1,1,1,0.0,0.0,0.01,2019
HeartBug,1,1,1,0.0,0.0,0.01,2020
Abelia Garden Maintenance & Landscaping,1,1,1,0.0,0.0,0.01,2021
Catholic Archdiocese of Melbourne,1,1,1,0.0,0.0,0.01,2022
Speedo Fitness Club,1,1,1,0.0,0.0,0.01,2023
Swissotel Sydney on Market Street,1,1,1,0.0,0.0,0.01,2024
iCHGROUP,1,1,1,100.0,0.0,0.01,2025
Joeys pizza,1,1,1,0.0,0.0,0.01,2026
Victoria University of Wellington,1,1,1,0.0,0.0,0.01,2027
CareSouth,1,1,1,0.0,0.0,0.01,2028
Clean Management Solutions,1,1,1,0.0,0.0,0.01,2029
Voyager Recruitment,1,1,1,100.0,0.0,0.01,2030
Extend (Australia),1,1,1,100.0,0.0,0.01,2031
McKay Drilling,1,1,1,0.0,0.0,0.01,2032
Distinct Recruitment Group,1,1,1,0.0,0.0,0.01,2033
G4S Custodial Services,1,1,1,100.0,0.0,0.01,2034
WPRS,1,1,1,0.0,0.0,0.01,2035
AustLift,1,1,1,0.0,0.0,0.01,2036
Live Graphic Systems,1,1,1,100.0,0.0,0.01,2037
Medical Developments International Ltd,1,1,1,0.0,0.0,0.01,2038
Extrastaff Townsville,1,1,1,0.0,0.0,0.01,2039
Allianz Partners,1,1,1,0.0,0.0,0.01,2040
Jacobs,1,1,1,0.0,0.0,0.01,2041
Auckland City Hotel - Hobson Street,1,1,1,0.0,0.0,0.01,2042
Super Safe Scaffolds,1,1,1,0.0,0.0,0.01,2043
Floormania,1,1,1,0.0,0.0,0.01,2044
Ray White Paddington,1,1,1,0.0,0.0,0.01,2045
AW Commercial Real Estate,1,1,1,0.0,0.0,0.01,2046
Shed Bonanza,1,1,1,0.0,0.0,0.01,2047
Catalano Seafoods,1,1,1,0.0,0.0,0.01,2048
APRG - Attraction. Performance. Retention. Guidance,1,1,1,0.0,0.0,0.01,2049
Motorola Solutions,1,1,1,0.0,0.0,0.01,2050
Morningstar Australasia Pty Ltd,1,1,1,0.0,0.0,0.01,2051
Enable Western Australia,1,1,1,0.0,0.0,0.01,2052
Tilley Soaps Australia Pty Ltd,1,1,1,0.0,0.0,0.01,2053
The Sefton Hotel,1,1,1,100.0,0.0,0.01,2054
Australian Way Pty Ltd,1,1,1,0.0,0.0,0.01,2055
Swarovski Australia,1,1,1,0.0,0.0,0.01,2056
Subway Barton,1,1,1,0.0,0.0,0.01,2057
ANZCO Foods Limited,1,1,1,0.0,0.0,0.01,2058
Basjo Catering Pty Ltd,1,1,1,0.0,0.0,0.01,2059
Q1 Professional Services,1,1,1,100.0,0.0,0.01,2060
Lockyer Valley Regional Council,1,1,1,0.0,0.0,0.01,2061
G. James Glass and Aluminium,1,1,1,0.0,0.0,0.01,2062
Kilcoy Global Foods Australia,1,1,1,0.0,0.0,0.01,2063
Fienza,1,1,1,0.0,0.0,0.01,2064
START Employment,1,1,1,0.0,0.0,0.01,2065
Stamford Hotels and Resorts,1,1,1,0.0,0.0,0.01,2066
Tourwin Pty Ltd,1,1,1,100.0,0.0,0.01,2067
Sunlover Reef Cruises Pty Ltd,1,1,1,0.0,0.0,0.01,2068
Big Wet,1,1,1,0.0,0.0,0.01,2069
Corestaff Kalgoorlie,1,1,1,0.0,0.0,0.01,2070
Zone Communications,1,1,1,100.0,0.0,0.01,2071
Edge Realty,1,1,1,0.0,0.0,0.01,2072
Aus Flight Handling Pty Ltd,1,1,1,0.0,0.0,0.01,2073
Metro North Hospital & Health Service,1,1,1,100.0,0.0,0.01,2074
Oakvale Wildlife Park,1,1,1,100.0,0.0,0.01,2075
City of Boroondara,1,1,1,0.0,0.0,0.01,2076
Battery World O'Connor,1,1,1,0.0,0.0,0.01,2077
Coin Cascade,1,1,1,0.0,0.0,0.01,2078
Moran Health Care Group Pty Ltd,1,1,1,0.0,0.0,0.01,2079
BTS Australia,1,1,1,0.0,0.0,0.01,2080
Shellys Bookkeeping,1,1,1,0.0,0.0,0.01,2081
TheFork Online Restaurant Reservations,1,1,1,0.0,0.0,0.01,2082
Stegbar,1,1,1,0.0,0.0,0.01,2083
No.68 PTY LTD,1,1,1,0.0,0.0,0.01,2084
EQi Bio Pty Ltd,1,1,1,100.0,0.0,0.01,2085
IKON Services Australia Pty Ltd,1,1,1,0.0,0.0,0.01,2086
advice2talent,1,1,1,0.0,0.0,0.01,2087
Evans Faull Human Resources,1,1,1,0.0,0.0,0.01,2088
Renteca,1,1,1,0.0,0.0,0.01,2089
Sykes Australia,1,1,1,0.0,0.0,0.01,2090
Bayside Personnel,1,1,1,0.0,0.0,0.01,2091
Snooza Pet Products,1,1,1,0.0,0.0,0.01,2092
Talent Insights Group Pty Ltd,1,1,1,0.0,0.0,0.01,2093
Newstead Dental Co,1,1,1,0.0,0.0,0.01,2094
Besst Recruitment Pty Ltd,1,1,1,0.0,0.0,0.01,2095
Walker's Doughnuts NSW,1,1,1,0.0,0.0,0.01,2096
Bunbury Cathedral Grammar School,1,1,1,100.0,0.0,0.01,2097
Refocus Recruitment Ltd,1,1,1,0.0,0.0,0.01,2098
Nganana Inc.,1,1,1,0.0,0.0,0.01,2099
Avid Sports Mandalay Pty Ltd,1,1,1,100.0,0.0,0.01,2100
The Icehouse,1,1,1,0.0,0.0,0.01,2101
MLC / NAB Wealth,1,1,1,0.0,0.0,0.01,2102
Moore Mechanical,1,1,1,0.0,0.0,0.01,2103
Godfrey Group Recruitment,1,1,1,0.0,0.0,0.01,2104
Huon Aquaculture,1,1,1,0.0,0.0,0.01,2105
Anticlockwise,1,1,1,100.0,0.0,0.01,2106
Mercy Health and Aged Care Central Queensland Limited,1,1,1,100.0,0.0,0.01,2107
Beca,1,1,1,0.0,0.0,0.01,2108
Withstand Lawyers,1,1,1,100.0,0.0,0.01,2109
Eyemedics,1,1,1,0.0,0.0,0.01,2110
Baiada Group,1,1,1,0.0,0.0,0.01,2111
Australian Native Products,1,1,1,0.0,0.0,0.01,2112
Transhipment Services Australia,1,1,1,0.0,0.0,0.01,2113
Jobfind,1,1,1,0.0,0.0,0.01,2114
PCYC QLD,1,1,1,100.0,0.0,0.01,2115
iB Homes,1,1,1,100.0,0.0,0.01,2116
Orbital Australia Pty Ltd,1,1,1,0.0,0.0,0.01,2117
The Nielsen Company (Australia) Pty Ltd,1,1,1,0.0,0.0,0.01,2118
Alpine Nurseries Sales Pty Ltd,1,1,1,0.0,0.0,0.01,2119
Growers Supplies (SA) Pty Ltd,1,1,1,100.0,0.0,0.01,2120
Racing Australia Limited,1,1,1,0.0,0.0,0.01,2121
Care Assessment Consultancy Pty Ltd,1,1,1,0.0,0.0,0.01,2122
Angel Dental Care,1,1,1,0.0,0.0,0.01,2123
Red Star Hospitality Management Pty Ltd,1,1,1,0.0,0.0,0.01,2124
Heart Foundation,1,1,1,0.0,0.0,0.01,2125
Mediterranean Shipping Company (Aust) Pt y Limited,1,1,1,0.0,0.0,0.01,2126
Rex Gorell Family Group,1,1,1,0.0,0.0,0.01,2127
The Australian Council on Healthcare Standards,1,1,1,100.0,0.0,0.01,2128
USG Boral,1,1,1,100.0,0.0,0.01,2129
Page Personnel Construction,1,1,1,0.0,0.0,0.01,2130
The Glen Cameron Group,1,1,1,0.0,0.0,0.01,2131
Shoalhaven City Council,1,1,1,100.0,0.0,0.01,2132
Scotch College,1,1,1,0.0,0.0,0.01,2133
Strata Plan,1,1,1,0.0,0.0,0.01,2134
Metforce,1,1,1,100.0,0.0,0.01,2135
The Quest Group Pty Ltd,1,1,1,0.0,0.0,0.01,2136
Randstad Specialised Services,1,1,1,0.0,0.0,0.01,2137
Alexander Perrie & Co Pty Limited,1,1,1,0.0,0.0,0.01,2138
farm fresh foods,1,1,1,100.0,0.0,0.01,2139
Flick Anticimex Pty Ltd,1,1,1,0.0,0.0,0.01,2140
Floordo Limited,1,1,1,0.0,0.0,0.01,2141
Victorian Aboriginal Child Care Agency,1,1,1,100.0,0.0,0.01,2142
BOUNCEinc,1,1,1,0.0,0.0,0.01,2143
Jackson McDonald,1,1,1,0.0,0.0,0.01,2144
Isaac Regional Council,1,1,1,0.0,0.0,0.01,2145
CHC Helicopter Pty Ltd,1,1,1,100.0,0.0,0.01,2146
LAFRANCHI PTY LTD,1,1,1,100.0,0.0,0.01,2147
Peel Fencing,1,1,1,0.0,0.0,0.01,2148
Autobarn Mackay,1,1,1,0.0,0.0,0.01,2149
ServiceNSW,1,1,1,0.0,0.0,0.01,2150
Newmark and Co,1,1,1,100.0,0.0,0.01,2151
Liquid Interactive,1,1,1,0.0,0.0,0.01,2152
Talent RISE,1,1,1,0.0,0.0,0.01,2153
Oscar Cooper,1,1,1,100.0,0.0,0.01,2154
Chadwick Industries,1,1,1,0.0,0.0,0.01,2155
Marshall White & Co,1,1,1,0.0,0.0,0.01,2156
Public Service Commission,1,1,1,100.0,0.0,0.01,2157
Pakiri Farms Limited,1,1,1,0.0,0.0,0.01,2158
One Global Logistics,1,1,1,0.0,0.0,0.01,2159
Canberra Rex Hotel,1,1,1,0.0,0.0,0.01,2160
The Vines Golf Club of Reynella,1,1,1,100.0,0.0,0.01,2161
Strategic National Brokerage Group Vic,1,1,1,0.0,0.0,0.01,2162
Metro Tipper Hire,1,1,1,0.0,0.0,0.01,2163
ICE Innovative CLeaning Experts Pty Ltd,1,1,1,0.0,0.0,0.01,2164
Weeks Group,1,1,1,100.0,0.0,0.01,2165
Skout Solutions Pty Ltd,1,1,1,0.0,0.0,0.01,2166
Simply plants,1,1,1,100.0,0.0,0.01,2167
Mex Accounting,1,1,1,100.0,0.0,0.01,2168
Socialite Recruitment Ltd.,1,1,1,0.0,0.0,0.01,2169
Kasun Fernando Pty Ltd,1,1,1,0.0,0.0,0.01,2170
The Recruitment Network Ltd,1,1,1,100.0,0.0,0.01,2171
V&C Foods,1,1,1,0.0,0.0,0.01,2172
Tri-Star Petroleum Company,1,1,1,0.0,0.0,0.01,2173
HR Partners - Melbourne,1,1,1,100.0,0.0,0.01,2174
St Gabriel's School,1,1,1,0.0,0.0,0.01,2175
Australian Financial Complaints Authority Limited,1,1,1,0.0,0.0,0.01,2176
PresCare,1,1,1,0.0,0.0,0.01,2177
Functional Revival,1,1,1,0.0,0.0,0.01,2178
The Heat Shop,1,1,1,100.0,0.0,0.01,2179
Ashmore State School P&C Association,1,1,1,0.0,0.0,0.01,2180
Dragonfly Environmental,1,1,1,0.0,0.0,0.01,2181
tcw,1,1,1,0.0,0.0,0.01,2182
Walker Andersen,1,1,1,0.0,0.0,0.01,2183
Somerville Retail Services,1,1,1,0.0,0.0,0.01,2184
Haymes Paint,1,1,1,0.0,0.0,0.01,2185
Karen Brook Studios Pty Ltd,1,1,1,0.0,0.0,0.01,2186
William Clarke College,1,1,1,0.0,0.0,0.01,2187
Jurox Pty Limited,1,1,1,0.0,0.0,0.01,2188
Graham Lynham Real Estate,1,1,1,0.0,0.0,0.01,2189
Carinbundi,1,1,1,0.0,0.0,0.01,2190
360RTO Solutions,1,1,1,100.0,0.0,0.01,2191
RCL Cruises Ltd,1,1,1,0.0,0.0,0.01,2192
Digiman Australia,1,1,1,0.0,0.0,0.01,2193
JK Personnel,1,1,1,0.0,0.0,0.01,2194
Hays Energy,1,1,1,0.0,0.0,0.01,2195
Fox and Thomas,1,1,1,0.0,0.0,0.01,2196
rainforest bakery,1,1,1,0.0,0.0,0.01,2197
Carinity,1,1,1,100.0,0.0,0.01,2198
Commonwealth Bank - Business & Private Banking,1,1,1,0.0,0.0,0.01,2199
China Telecom (Australia) Pty Ltd,1,1,1,0.0,0.0,0.01,2200
RDSA,1,1,1,0.0,0.0,0.01,2201
DG GREEN PLUMBING,1,1,1,100.0,0.0,0.01,2202
Stryker,1,1,1,0.0,0.0,0.01,2203
Philco Partners,1,1,1,0.0,0.0,0.01,2204
2xm Finance,1,1,1,100.0,0.0,0.01,2205
The Salvation Army Employment Plus,1,1,1,0.0,0.0,0.01,2206
Kentwood tiles,1,1,1,0.0,0.0,0.01,2207
byrne hotels qld pty ltd,1,1,1,0.0,0.0,0.01,2208
Webtools,1,1,1,0.0,0.0,0.01,2209
Australian Hotels Association,1,1,1,0.0,0.0,0.01,2210
HSBC,1,1,1,0.0,0.0,0.01,2211
Floret Building Renovations,1,1,1,100.0,0.0,0.01,2212
St Leos College,1,1,1,0.0,0.0,0.01,2213
Gisborne Garden and Building Supplies,1,1,1,0.0,0.0,0.01,2214
Resthaven Inc.,1,1,1,0.0,0.0,0.01,2215
Randstad Assessment Centre,1,1,1,100.0,0.0,0.01,2216
TEG Pty Ltd,1,1,1,0.0,0.0,0.01,2217
Pier Port Melbourne,1,1,1,0.0,0.0,0.01,2218
Tursa Employment & Training,1,1,1,0.0,0.0,0.01,2219
UniFresh Processors Pty Ltd,1,1,1,100.0,0.0,0.01,2220
Kardinia Park Stadium Trust,1,1,1,100.0,0.0,0.01,2221
Platinum Recruitment Limited,1,1,1,0.0,0.0,0.01,2222
Pinarc Disability Support,1,1,1,0.0,0.0,0.01,2223
Rydges World Square,1,1,1,0.0,0.0,0.01,2224
Quest Mackay,1,1,1,0.0,0.0,0.01,2225
The Essoign Ltd,1,1,1,100.0,0.0,0.01,2226
Telstra Shop Leichhardt,1,1,1,100.0,0.0,0.01,2227
Dreamworld,1,1,1,0.0,0.0,0.01,2228
Capital Executive Apartment Hotel,1,1,1,0.0,0.0,0.01,2229
WELTRAUM PTY LTD,1,1,1,100.0,0.0,0.01,2230
Ezi-Duct Pty Ltd,1,1,1,0.0,0.0,0.01,2231
Napoli Mercato,1,1,1,0.0,0.0,0.01,2232
AFL Recruitment Pty Ltd,1,1,1,100.0,0.0,0.01,2233
Frontline Retail Sydney,1,1,1,100.0,0.0,0.01,2234
RCR INTERNATIONAL PTY LTD,1,1,1,0.0,0.0,0.01,2235
Owen Hodge Lawyers,1,1,1,0.0,0.0,0.01,2236
Intalock Technologies,1,1,1,0.0,0.0,0.01,2237
Orangetheory Fitness St Leonards,1,1,1,100.0,0.0,0.01,2238
Engelite,1,1,1,0.0,0.0,0.01,2239
Toyota Material Handling Australia,1,1,1,0.0,0.0,0.01,2240
St Brigid's College -A Ministry of Mercy Education Ltd.,1,1,1,0.0,0.0,0.01,2241
Vacenti,1,1,1,0.0,0.0,0.01,2242
Elite Packaging,1,1,1,0.0,0.0,0.01,2243
Bohdi Satori,1,1,1,0.0,0.0,0.01,2244
Sunpork Farms Tong Park,1,1,1,0.0,0.0,0.01,2245
Protech SEQ,1,1,1,0.0,0.0,0.01,2246
Vertical Talent,1,1,1,0.0,0.0,0.01,2247
Fusion5,1,1,1,0.0,0.0,0.01,2248
St Hilda's School,1,1,1,0.0,0.0,0.01,2249
Lambton Dermatology,1,1,1,0.0,0.0,0.01,2250
Harper Smith Recruitment,1,1,1,100.0,0.0,0.01,2251
Care4skin,1,1,1,100.0,0.0,0.01,2252
Estates Development Company,1,1,1,0.0,0.0,0.01,2253
Cambridge Clothing (Aquila),1,1,1,0.0,0.0,0.01,2254
Tara Anglican School for Girls,1,1,1,0.0,0.0,0.01,2255
Concslab Concrete,1,1,1,0.0,0.0,0.01,2256
PWC INC,1,1,1,0.0,0.0,0.01,2257
Order-In Pty Ltd,1,1,1,100.0,0.0,0.01,2258
Sirius Technology Melbourne part of Sirius People Pty Ltd,1,1,1,100.0,0.0,0.01,2259
Standards Australia Ltd,1,1,1,0.0,0.0,0.01,2260
Redkite,1,1,1,0.0,0.0,0.01,2261
Whakatane District Council,1,1,1,0.0,0.0,0.01,2262
Amaroo Care Services Inc,1,1,1,0.0,0.0,0.01,2263
Boutique Wine Society,1,1,1,100.0,0.0,0.01,2264
BHP Billiton Group,1,1,1,0.0,0.0,0.01,2265
Techstaff,1,1,1,100.0,0.0,0.01,2266
Highland Glass,1,1,1,0.0,0.0,0.01,2267
ANSON Assist,1,1,1,0.0,0.0,0.01,2268
Brisbane Housing Company,1,1,1,100.0,0.0,0.01,2269
KCA Site Services,1,1,1,0.0,0.0,0.01,2270
Wagga Women's Health Centre,1,1,1,100.0,0.0,0.01,2271
EC Credit Control Pty Limited,1,1,1,0.0,0.0,0.01,2272
ToBeMe Early Learning Centre,1,1,1,100.0,0.0,0.01,2273
Car Finance 4 You,1,1,1,0.0,0.0,0.01,2274
Heatherbrae's Pies,1,1,1,0.0,0.0,0.01,2275
Norton Rose Fulbright,1,1,1,0.0,0.0,0.01,2276
SPCA,1,1,1,0.0,0.0,0.01,2277
East Ringwood Clinic,1,1,1,100.0,0.0,0.01,2278
Active Display Group,1,1,1,0.0,0.0,0.01,2279
The Comms Team,1,1,1,0.0,0.0,0.01,2280
George Weston Foods (NZ) Limited,1,1,1,0.0,0.0,0.01,2281
Allegion (Australia) Pty Ltd,1,1,1,0.0,0.0,0.01,2282
EQUINIX AUSTRALIA PTY LIMITED,1,1,1,0.0,0.0,0.01,2283
Sheffield,1,1,1,0.0,0.0,0.01,2284
Paradisia Pty Ltd,1,1,1,0.0,0.0,0.01,2285
Hessel Group,1,1,1,0.0,0.0,0.01,2286
Townsville Grammar School,1,1,1,0.0,0.0,0.01,2287
Bang Bang,1,1,1,0.0,0.0,0.01,2288
Rural Aid Ltd,1,1,1,0.0,0.0,0.01,2289
Michael Page International Pte Ltd,1,1,1,100.0,0.0,0.01,2290
OneStaff New Plymouth,1,1,1,100.0,0.0,0.01,2291
MELVELLE EQUIPMENT CORP PTY LTD,1,1,1,0.0,0.0,0.01,2292
Kleinfelder Australia,1,1,1,0.0,0.0,0.01,2293
BIG4 Adventure Whitsunday Resort,1,1,1,0.0,0.0,0.01,2294
Four Points by Sheraton Melbourne,1,1,1,0.0,0.0,0.01,2295
Catalina Consultants,1,1,1,0.0,0.0,0.01,2296
Minda Incorporated,1,1,1,0.0,0.0,0.01,2297
Encompass Community Services,1,1,1,0.0,0.0,0.01,2298
IXOM,1,1,1,0.0,0.0,0.01,2299
Medlab Pty Ltd,1,1,1,0.0,0.0,0.01,2300
Daniela & Co. Catering,1,1,1,0.0,0.0,0.01,2301
Southern District Health Board,1,1,1,0.0,0.0,0.01,2302
Vmation,1,1,1,0.0,0.0,0.01,2303
Selkirk Group of Companies,1,1,1,0.0,0.0,0.01,2304
Sydney Seaplanes Pty Ltd,1,1,1,100.0,0.0,0.01,2305
PowerSmart Solutions,1,1,1,0.0,0.0,0.01,2306
Daysworth International Pty Ltd,1,1,1,0.0,0.0,0.01,2307
Abdex Industries,1,1,1,0.0,0.0,0.01,2308
Empressa Nome Pty Ltd,1,1,1,100.0,0.0,0.01,2309
Specsavers Woden,1,1,1,100.0,0.0,0.01,2310
West End State School P&C Association,1,1,1,0.0,0.0,0.01,2311
Morabito Legal,1,1,1,100.0,0.0,0.01,2312
Nuline Refrigeration,1,1,1,0.0,0.0,0.01,2313
Assurity Consulting Limited,1,1,1,0.0,0.0,0.01,2314
100 percent Pets,1,1,1,0.0,0.0,0.01,2315
Shire of Plantagenet,1,1,1,100.0,0.0,0.01,2316
Construction People Pty Ltd,1,1,1,0.0,0.0,0.01,2317
Redlands Pool Service,1,1,1,0.0,0.0,0.01,2318
Sunsuper Pty Ltd,1,1,1,100.0,0.0,0.01,2319
Unisys,1,1,1,0.0,0.0,0.01,2320
SearchWorks Pty Ltd,1,1,1,0.0,0.0,0.01,2321
Envision Medical Imaging,1,1,1,0.0,0.0,0.01,2322
Occupational Skills Centre Australia,1,1,1,0.0,0.0,0.01,2323
Sydney Taps,1,1,1,100.0,0.0,0.01,2324
East Hotel,1,1,1,0.0,0.0,0.01,2325
Bob Stewart,1,1,1,100.0,0.0,0.01,2326
Capital Brewing Co,1,1,1,0.0,0.0,0.01,2327
EML(Chem) P/L,1,1,1,0.0,0.0,0.01,2328
Chrysalis Software Solutions,1,1,1,0.0,0.0,0.01,2329
Cenitex,1,1,1,0.0,0.0,0.01,2330
TAFE SA,1,1,1,0.0,0.0,0.01,2331
Whiddon,1,1,1,0.0,0.0,0.01,2332
Goodman Fielder,1,1,1,0.0,0.0,0.01,2333
Peter Lees Real Estate,1,1,1,0.0,0.0,0.01,2334
Aon Corporation,1,1,1,100.0,0.0,0.01,2335
Kingsway Australia Pty Ltd,1,1,1,0.0,0.0,0.01,2336
Nexus Primary Health,1,1,1,0.0,0.0,0.01,2337
Alias Mae,1,1,1,100.0,0.0,0.01,2338
The Salvation Army – Australia,1,1,1,0.0,0.0,0.01,2339
ATC Insurance Solutions Pty Ltd,1,1,1,100.0,0.0,0.01,2340
First Class Legal,1,1,1,0.0,0.0,0.01,2341
The Joint Physiotherapy and Allied Health,1,1,1,0.0,0.0,0.01,2342
Liquid Filling Australia,1,1,1,0.0,0.0,0.01,2343
Energy & Water Ombudsman NSW,1,1,1,0.0,0.0,0.01,2344
Korahi Alliance Limited,1,1,1,0.0,0.0,0.01,2345
BAP IT,1,1,1,100.0,0.0,0.01,2346
EVOLT IOH Pty Ltd,1,1,1,100.0,0.0,0.01,2347
Central Coast Council,1,1,1,100.0,0.0,0.01,2348
Wright Recruitment,1,1,1,100.0,0.0,0.01,2349
Baker Heart and Diabetes Institute,1,1,1,0.0,0.0,0.01,2350
Baptist Care SA,1,1,1,0.0,0.0,0.01,2351
Love Realty,1,1,1,100.0,0.0,0.01,2352
Viking Cruises,1,1,1,0.0,0.0,0.01,2353
Avinet Pty Ltd,1,1,1,0.0,0.0,0.01,2354
Nelson Marlborough Health,1,1,1,0.0,0.0,0.01,2355
Alexander Dennis NZ Ltd,1,1,1,0.0,0.0,0.01,2356
Sirius Technology Pty Ltd,1,1,1,0.0,0.0,0.01,2357
Myriota,1,1,1,0.0,0.0,0.01,2358
The Vale Bar & Brasserie,1,1,1,0.0,0.0,0.01,2359
Seven West Media (WA),1,1,1,0.0,0.0,0.01,2360
Logan & Co,1,1,1,100.0,0.0,0.01,2361
Visit Victoria,1,1,1,0.0,0.0,0.01,2362
My Life Support Services,1,1,1,100.0,0.0,0.01,2363
YWCA Australia,1,1,1,0.0,0.0,0.01,2364
Motor Neurone Disease Association of NSW,1,1,1,100.0,0.0,0.01,2365
Havenhall Pty Limited,1,1,1,0.0,0.0,0.01,2366
123 Accounting & Taxation,1,1,1,0.0,0.0,0.01,2367
Metlifecare,1,1,1,0.0,0.0,0.01,2368
Penske Commercial Vehicles NZ,1,1,1,0.0,0.0,0.01,2369
IT Logic Pty Ltd,1,1,1,100.0,0.0,0.01,2370
Garmin Australasia Pty Ltd,1,1,1,0.0,0.0,0.01,2371
ACG Commercial Division Pty Ltd,1,1,1,100.0,0.0,0.01,2372
Allcare Physiotherapy,1,1,1,100.0,0.0,0.01,2373
Carina Medical and Specialist Centre,1,1,1,0.0,0.0,0.01,2374
Astute Financial Management Pty Ltd,1,1,1,0.0,0.0,0.01,2375
O'Neill & Brown Plumbing Company Pty Ltd,1,1,1,0.0,0.0,0.01,2376
Kirby Capital,1,1,1,0.0,0.0,0.01,2377
Macquarie Neurosurgery,1,1,1,100.0,0.0,0.01,2378
The Smith Family,1,1,1,0.0,0.0,0.01,2379
Novapharm Research,1,1,1,0.0,0.0,0.01,2380
Heritage Gateway Hotel,1,1,1,0.0,0.0,0.01,2381
Longton Legal,1,1,1,0.0,0.0,0.01,2382
Barry Plant Pakenham,1,1,1,100.0,0.0,0.01,2383
Join Our Team,1,1,1,0.0,0.0,0.01,2384
ARB Corporation,1,1,1,0.0,0.0,0.01,2385
Red Sun Solar,1,1,1,0.0,0.0,0.01,2386
Sharp & Carter Digital and Technology,1,1,1,0.0,0.0,0.01,2387
DX Solutions Pty Ltd,1,1,1,0.0,0.0,0.01,2388
Mazzei,1,1,1,0.0,0.0,0.01,2389
Frontline Education Sydney,1,1,1,0.0,0.0,0.01,2390
dusk Australasia,1,1,1,0.0,0.0,0.01,2391
East West Master Plumbers,1,1,1,100.0,0.0,0.01,2392
Airtasker Pty Ltd,1,1,1,0.0,0.0,0.01,2393
DASDI COMMUNICATIONS,1,1,1,0.0,0.0,0.01,2394
Hays Oil & Gas,1,1,1,0.0,0.0,0.01,2395
Brick Lane Brewing Co.,1,1,1,0.0,0.0,0.01,2396
iProperty Express Pty Ltd,1,1,1,0.0,0.0,0.01,2397
Elite international development,1,1,1,0.0,0.0,0.01,2398
Catalyst Education,1,1,1,100.0,0.0,0.01,2399
Swissport,1,1,1,0.0,0.0,0.01,2400
Aussitune Pty Ltd,1,1,1,100.0,0.0,0.01,2401
Dimensional Fund Advisors Australia Limited,1,1,1,100.0,0.0,0.01,2402
Preston & Blythe,1,1,1,0.0,0.0,0.01,2403
Pinnacle People - Adelaide,1,1,1,0.0,0.0,0.01,2404
Tabcorp Park,1,1,1,0.0,0.0,0.01,2405
Topcon Workforce Pty Ltd,1,1,1,0.0,0.0,0.01,2406
Honan Insurance Group,1,1,1,0.0,0.0,0.01,2407
Airside Projects Pty Ltd,1,1,1,100.0,0.0,0.01,2408
Australian College of Rural and Remote Medicine,1,1,1,0.0,0.0,0.01,2409
J2 Recruitment Pty Ltd,1,1,1,100.0,0.0,0.01,2410
Busways Group Pty Ltd,1,1,1,0.0,0.0,0.01,2411
Crown Relocations,1,1,1,0.0,0.0,0.01,2412
Mitsubishi Heavy Ind Airconditioning,1,1,1,0.0,0.0,0.01,2413
Jasco Consulting Pty Ltd,1,1,1,0.0,0.0,0.01,2414
Melbourne Cleaning Cloths,1,1,1,100.0,0.0,0.01,2415
Trailer Sales Pty Ltd,1,1,1,0.0,0.0,0.01,2416
Ascenda Talent,1,1,1,0.0,0.0,0.01,2417
Scenic World,1,1,1,0.0,0.0,0.01,2418
Collab Recruit,1,1,1,0.0,0.0,0.01,2419
BYC Recruitment,1,1,1,0.0,0.0,0.01,2420
Hays Manufacturing & Operations,1,1,1,0.0,0.0,0.01,2421
IWF Staff,1,1,1,100.0,0.0,0.01,2422
Whitsunday Sailing Club,1,1,1,0.0,0.0,0.01,2423
Edval Timetables Pty Ltd,1,1,1,0.0,0.0,0.01,2424
JayBee Training,1,1,1,100.0,0.0,0.01,2425
Emerging IT,1,1,1,0.0,0.0,0.01,2426
AC Laser Cutting,1,1,1,0.0,0.0,0.01,2427
CIRE SERVICES INCORPORATED,1,1,1,0.0,0.0,0.01,2428
Tekworx Australia Pty Ltd,1,1,1,0.0,0.0,0.01,2429
CITIC Pacific Mining Management Pty Ltd,1,1,1,100.0,0.0,0.01,2430
GREENE FIRE PTY LIMITED,1,1,1,100.0,0.0,0.01,2431
City Tattersalls,1,1,1,0.0,0.0,0.01,2432
Intafloors,1,1,1,0.0,0.0,0.01,2433
Sun Pharmaceuticals Pty Ltd,1,1,1,0.0,0.0,0.01,2434
The Royal Aust and NZ Coll of Obstetricians and Gynaecologists,1,1,1,0.0,0.0,0.01,2435
Paramount Staffing,1,1,1,0.0,0.0,0.01,2436
Canterbury of New Zealand,1,1,1,100.0,0.0,0.01,2437
Lockheed Martin Australia,1,1,1,0.0,0.0,0.01,2438
Walshs Glass,1,1,1,0.0,0.0,0.01,2439
Rise Recruitment,1,1,1,100.0,0.0,0.01,2440
Provision,1,1,1,0.0,0.0,0.01,2441
GBL Personnel,1,1,1,0.0,0.0,0.01,2442
Health Services Union NSW/ACT,1,1,1,0.0,0.0,0.01,2443
Bianca Spender Pty Ltd,1,1,1,0.0,0.0,0.01,2444
AVEO GROUP,1,1,1,0.0,0.0,0.01,2445
PIT N PORTAL MINING SERVICES PTY LTD,1,1,1,0.0,0.0,0.01,2446
Laser Clinics Australia Parramatta,1,1,1,0.0,0.0,0.01,2447
BLACK SWAN INTERNATIONAL,1,1,1,0.0,0.0,0.01,2448
MSAC Solutions Pty Ltd,1,1,1,0.0,0.0,0.01,2449
Headspace National Office,1,1,1,0.0,0.0,0.01,2450
247 Local Plumbing,1,1,1,100.0,0.0,0.01,2451
JJ’s Waste & Recycling,1,1,1,0.0,0.0,0.01,2452
Anglicare Victoria,1,1,1,0.0,0.0,0.01,2453
A and J Homes,1,1,1,0.0,0.0,0.01,2454
Optimum Health Services,1,1,1,0.0,0.0,0.01,2455
MBC Recruitment,1,1,1,0.0,0.0,0.01,2456
Southern Cross Care (Qld) Ltd,1,1,1,100.0,0.0,0.01,2457
Challenge implements,1,1,1,0.0,0.0,0.01,2458
Pacific Automotive Holdings Pty Ltd,1,1,1,0.0,0.0,0.01,2459
Site8,1,1,1,0.0,0.0,0.01,2460
Farmers Trading Company,1,1,1,0.0,0.0,0.01,2461
Hampton Harbour Boat and Sailing Club,1,1,1,0.0,0.0,0.01,2462
William Huxley Estate Agents,1,1,1,0.0,0.0,0.01,2463
Superior Pipe & Engineering,1,1,1,100.0,0.0,0.01,2464
LVMH Watch and Jewellery Pty Ltd,1,1,1,0.0,0.0,0.01,2465
Venture Sales and Marketing Pty Ltd,1,1,1,0.0,0.0,0.01,2466
Maxi-Cash Melbourne (VIC) Pty Ltd,1,1,1,0.0,0.0,0.01,2467
Firefly Point of View,1,1,1,0.0,0.0,0.01,2468
Penrith Personnel,1,1,1,100.0,0.0,0.01,2469
Mindarie Regional Council,1,1,1,0.0,0.0,0.01,2470
Waverley Toyota,1,1,1,0.0,0.0,0.01,2471
"Barwon Child, Youth and Family",1,1,1,100.0,0.0,0.01,2472
Lagardere Travel Retail,1,1,1,0.0,0.0,0.01,2473
nib health funds limited,1,1,1,100.0,0.0,0.01,2474
Metrobox,1,1,1,0.0,0.0,0.01,2475
Millennium Services,1,1,1,0.0,0.0,0.01,2476
Strike Force Services Pty Ltd,1,1,1,0.0,0.0,0.01,2477
ING,1,1,1,0.0,0.0,0.01,2478
Talent Partnership,1,1,1,100.0,0.0,0.01,2479
Sj Personnel,1,1,1,0.0,0.0,0.01,2480
ISS Facility Services,1,1,1,0.0,0.0,0.01,2481
yarra bend golf holdings pty ltd,1,1,1,0.0,0.0,0.01,2482
Goldline Distributors,1,1,1,0.0,0.0,0.01,2483
Fiteducation,1,1,1,100.0,0.0,0.01,2484
Outdoor Media Association,1,1,1,100.0,0.0,0.01,2485
Eden Homes Ltd,1,1,1,0.0,0.0,0.01,2486
Wisdom Pools & Landscapes,1,1,1,0.0,0.0,0.01,2487
Organic and Raw Trading Co Pty Ltd,1,1,1,0.0,0.0,0.01,2488
Read Label Pty Ltd,1,1,1,0.0,0.0,0.01,2489
People One,1,1,1,0.0,0.0,0.01,2490
Kinela,1,1,1,100.0,0.0,0.01,2491
Rydges Sydney Airport,1,1,1,0.0,0.0,0.01,2492
Aktive - Auckland Sport & Recreation,1,1,1,0.0,0.0,0.01,2493
CO YO Corporate Pty Ltd,1,1,1,0.0,0.0,0.01,2494
Aegis Australia,1,1,1,100.0,0.0,0.01,2495
Sage,1,1,1,0.0,0.0,0.01,2496
City of Stonnington,1,1,1,0.0,0.0,0.01,2497
AVELING,1,1,1,0.0,0.0,0.01,2498
Neami National Limited,1,1,1,100.0,0.0,0.01,2499
Veolia Australia & New Zealand,1,1,1,0.0,0.0,0.01,2500
Gainsite Pty Ltd,1,1,1,0.0,0.0,0.01,2501
Tait Communications,1,1,1,0.0,0.0,0.01,2502
Onnit linemarking,1,1,1,100.0,0.0,0.01,2503
Mannings Funeral Home,1,1,1,0.0,0.0,0.01,2504
Freshfields Nominees Pty Ltd,1,1,1,0.0,0.0,0.01,2505
Rexco People,1,1,1,0.0,0.0,0.01,2506
Compact Monitor Systems Australia Pty Ltd,1,1,1,0.0,0.0,0.01,2507
Planit Test Management Solutions,1,1,1,0.0,0.0,0.01,2508
Capricorn,1,1,1,0.0,0.0,0.01,2509
Sydney Catholic Schools,1,1,1,0.0,0.0,0.01,2510
Skillset Limited,1,1,1,0.0,0.0,0.01,2511
SITECH Construction Systems,1,1,1,100.0,0.0,0.01,2512
Smith & Nephew,1,1,1,0.0,0.0,0.01,2513
PBD Architects,1,1,1,0.0,0.0,0.01,2514
Poya Tiling,1,1,1,100.0,0.0,0.01,2515
Mitchell Search Pty Limited,1,1,1,0.0,0.0,0.01,2516
Design Quintessence Pty Ltd,1,1,1,100.0,0.0,0.01,2517
ProQuest Recruitment - Coopers Plains,1,1,1,0.0,0.0,0.01,2518
COS,1,1,1,0.0,0.0,0.01,2519
Home Support Services,1,1,1,0.0,0.0,0.01,2520
SoilWorx,1,1,1,0.0,0.0,0.01,2521
MIDAS,1,1,1,100.0,0.0,0.01,2522
Place Annerley,1,1,1,0.0,0.0,0.01,2523
WILLIAMSTOWN CARPETS,1,1,1,0.0,0.0,0.01,2524
SSA Group,1,1,1,100.0,0.0,0.01,2525
People's Choice Credit Union,1,1,1,0.0,0.0,0.01,2526
Randwick City Council,1,1,1,100.0,0.0,0.01,2527
Reef Catchments Limited,1,1,1,100.0,0.0,0.01,2528
RUBIX,1,1,1,100.0,0.0,0.01,2529
Dash Construction Solutions,1,1,1,100.0,0.0,0.01,2530
Retail Ready Operations Australia Pty Ltd,1,1,1,0.0,0.0,0.01,2531
Frontier Software,1,1,1,0.0,0.0,0.01,2532
Calvary Bruce Private Hospital,1,1,1,0.0,0.0,0.01,2533
Victoria International Container Terminal,1,1,1,100.0,0.0,0.01,2534
Carers Link,1,1,1,0.0,0.0,0.01,2535
Ingham Driven,1,1,1,0.0,0.0,0.01,2536
Tempo Australia Ltd,1,1,1,100.0,0.0,0.01,2537
Waterford Accountants,1,1,1,0.0,0.0,0.01,2538
Coastal Dental Care,1,1,1,0.0,0.0,0.01,2539
Fast Tracking Anaesthetic Billing Services,1,1,1,0.0,0.0,0.01,2540
Camprint Screenprinting and Embroidery,1,1,1,100.0,0.0,0.01,2541
Rotorua Canopy Tours,1,1,1,0.0,0.0,0.01,2542
Toro Australia,1,1,1,0.0,0.0,0.01,2543
Feltex Carpets Pty Ltd,1,1,1,0.0,0.0,0.01,2544
Defence Force Recruiting Southern Region,1,1,1,100.0,0.0,0.01,2545
Story House Early Learning,1,1,1,0.0,0.0,0.01,2546
AWX Gold Coast,1,1,1,0.0,0.0,0.01,2547
CVGT Australia,1,1,1,0.0,0.0,0.01,2548
Epping Club,1,1,1,100.0,0.0,0.01,2549
AustralHomes,1,1,1,100.0,0.0,0.01,2550
Sydney Orthopaedic Trauma & Reconstructive Surgery,1,1,1,0.0,0.0,0.01,2551
Corporate Health Management,1,1,1,0.0,0.0,0.01,2552
Centium Software,1,1,1,0.0,0.0,0.01,2553
Kiwi Discovery Ltd,1,1,1,100.0,0.0,0.01,2554
Essence Group Pty Ltd,1,1,1,0.0,0.0,0.01,2555
Maitland City Council,1,1,1,0.0,0.0,0.01,2556
OFX,1,1,1,0.0,0.0,0.01,2557
Peoplebank Australia QLD,1,1,1,0.0,0.0,0.01,2558
Southern Cross Credit Union,1,1,1,100.0,0.0,0.01,2559
Bridgestone Australia Ltd.,1,1,1,0.0,0.0,0.01,2560
Versatile Concepts Pty Ltd,1,1,1,0.0,0.0,0.01,2561
Ministry of Education,1,1,1,0.0,0.0,0.01,2562
Firbank Grammar School,1,1,1,0.0,0.0,0.01,2563
NZ Avocado,1,1,1,100.0,0.0,0.01,2564
The Good Shepherd Home Limited,1,1,1,0.0,0.0,0.01,2565
Metro Trains Sydney,1,1,1,0.0,0.0,0.01,2566
Doxa Community Club,1,1,1,0.0,0.0,0.01,2567
CRANES Community Support Programs,1,1,1,0.0,0.0,0.01,2568
Adaptalift Hyster,1,1,1,0.0,0.0,0.01,2569
Ned's,1,1,1,0.0,0.0,0.01,2570
Centurion Healthcare,1,1,1,100.0,0.0,0.01,2571
DP World Sydney Ltd,1,1,1,0.0,0.0,0.01,2572
Puffing Billy Railway,1,1,1,0.0,0.0,0.01,2573
Attract People,1,1,1,0.0,0.0,0.01,2574
SunWater,1,1,1,0.0,0.0,0.01,2575
Spinifex Communications International  Pty Ltd,1,1,1,0.0,0.0,0.01,2576
Simplicity Australasia Ltd,1,1,1,0.0,0.0,0.01,2577
Task Recruitment,1,1,1,0.0,0.0,0.01,2578
G Force Category Solutions,1,1,1,0.0,0.0,0.01,2579
Cabbagetree Landscape,1,1,1,0.0,0.0,0.01,2580
Oceans Group,1,1,1,0.0,0.0,0.01,2581
Sydney Paediatric Neurosurgery,1,1,1,0.0,0.0,0.01,2582
The Trybe,1,1,1,100.0,0.0,0.01,2583
Melbourne Handyman Service,1,1,1,100.0,0.0,0.01,2584
Eastern Van Services Pty Ltd,1,1,1,0.0,0.0,0.01,2585
WooHah Productions,1,1,1,0.0,0.0,0.01,2586
Pro Finish Coatings,1,1,1,100.0,0.0,0.01,2587
Engage Partners Limited,1,1,1,0.0,0.0,0.01,2588
REAP Recruitment,1,1,1,100.0,0.0,0.01,2589
elle belle recruitment,1,1,1,0.0,0.0,0.01,2590
Accent Carpets Pty Ltd,1,1,1,0.0,0.0,0.01,2591
Cowan Restoration Services Pty Ltd,1,1,1,0.0,0.0,0.01,2592
WH Smith Australia,1,1,1,0.0,0.0,0.01,2593
Praemium Limited,1,1,1,0.0,0.0,0.01,2594
Prada,1,1,1,0.0,0.0,0.01,2595
Dennis Family Homes,1,1,1,100.0,0.0,0.01,2596
Oatley Fine Wine Merchants,1,1,1,100.0,0.0,0.01,2597
SF Management Group Pty Ltd,1,1,1,0.0,0.0,0.01,2598
Dedes Group,1,1,1,0.0,0.0,0.01,2599
xtend recruitment,1,1,1,100.0,0.0,0.01,2600
Australian Forest Products Association,1,1,1,0.0,0.0,0.01,2601
RMIT Online,1,1,1,100.0,0.0,0.01,2602
Milawa Cheese Company,1,1,1,0.0,0.0,0.01,2603
Edsring Property Maintenance,1,1,1,0.0,0.0,0.01,2604
Dyslexia Canberra,1,1,1,100.0,0.0,0.01,2605
Practical Products Pty Ltd,1,1,1,0.0,0.0,0.01,2606
Liverpool City Council,1,1,1,100.0,0.0,0.01,2607
United Solar and Electrical,1,1,1,100.0,0.0,0.01,2608
Port Stephens Council,1,1,1,100.0,0.0,0.01,2609
Silk Hospitality,1,1,1,0.0,0.0,0.01,2610
SAS,1,1,1,0.0,0.0,0.01,2611
Winson Group,1,1,1,0.0,0.0,0.01,2612
MAYDAY Recruitment,1,1,1,100.0,0.0,0.01,2613
Kingston Human Capital,1,1,1,0.0,0.0,0.01,2614
FITTON INSURANCE (BROKERS) AUSTRALIA PTY    LTD,1,1,1,0.0,0.0,0.01,2615
Nice Pak Products,1,1,1,0.0,0.0,0.01,2616
miranda accounting services,1,1,1,100.0,0.0,0.01,2617
Harrison Human Resources,1,1,1,0.0,0.0,0.01,2618
Bendon,1,1,1,0.0,0.0,0.01,2619
St Margaret's School,1,1,1,0.0,0.0,0.01,2620
M.J. Bale,1,1,1,0.0,0.0,0.01,2621
Screen Australia,1,1,1,0.0,0.0,0.01,2622
The Big Group,1,1,1,100.0,0.0,0.01,2623
Mini-Tankers Australia Pty Ltd,1,1,1,100.0,0.0,0.01,2624
New Oriental Vision Overseas Consulting Australia Pty Ltd,1,1,1,100.0,0.0,0.01,2625
WNS Global Services (Australia) Pty. Ltd,1,1,1,0.0,0.0,0.01,2626
Apartment Projects Pty Ltd,1,1,1,100.0,0.0,0.01,2627
Kingman Visual,1,1,1,0.0,0.0,0.01,2628
Embassy Of The State Of Qatar,1,1,1,0.0,0.0,0.01,2629
Q-Print Group,1,1,1,0.0,0.0,0.01,2630
Aeronaut Automation,1,1,1,100.0,0.0,0.01,2631
Greater Data Pty Ltd,1,1,1,0.0,0.0,0.01,2632
CENTORRINO TECHNOLOGIES PTY LTD,1,1,1,0.0,0.0,0.01,2633
KCB Australia Pty Ltd.,1,1,1,0.0,0.0,0.01,2634
Australia Jinding Group Pty Ltd,1,1,1,0.0,0.0,0.01,2635
Health Informatics Society of Australia,1,1,1,0.0,0.0,0.01,2636
Dentalosogentle,1,1,1,0.0,0.0,0.01,2637
Clique Logistics,1,1,1,0.0,0.0,0.01,2638
KG ELECTRONIC PTY LTD,1,1,1,100.0,0.0,0.01,2639
Sport Star Academy,1,1,1,0.0,0.0,0.01,2640
Apex Auto Group,1,1,1,100.0,0.0,0.01,2641
"Community Services #1 Incorporated",1,1,1,100.0,0.0,0.01,2642
AA Insurance,1,1,1,0.0,0.0,0.01,2643
Billard Leece Partnership,1,1,1,0.0,0.0,0.01,2644
The Lansdowne Hotel,1,1,1,0.0,0.0,0.01,2645
BINGO INDUSTRIES,1,1,1,100.0,0.0,0.01,2646
MTA Travel,1,1,1,0.0,0.0,0.01,2647
Casino Canberra,1,1,1,0.0,0.0,0.01,2648
YP DIGITAL,1,1,1,100.0,0.0,0.01,2649
Collins Restaurants Management Pty Ltd,1,1,1,0.0,0.0,0.01,2650
Vetro,1,1,1,0.0,0.0,0.01,2651
ALS Life Sciences - Environmental,1,1,1,0.0,0.0,0.01,2652
Waterhouse Lawyers,1,1,1,0.0,0.0,0.01,2653
The Pullman Melbourne on Swanston,1,1,1,0.0,0.0,0.01,2654
HeliMods,1,1,1,100.0,0.0,0.01,2655
MAX Solutions,1,1,1,100.0,0.0,0.01,2656
St Ursula's College,1,1,1,0.0,0.0,0.01,2657
Pioneer Kitchens,1,1,1,0.0,0.0,0.01,2658
Umbrella Family Law,1,1,1,0.0,0.0,0.01,2659
Frontier Software Ltd,1,1,1,0.0,0.0,0.01,2660
Norman South Yarra,1,1,1,0.0,0.0,0.01,2661
Discount Car Rentals,1,1,1,100.0,0.0,0.01,2662
FirstStep International Pty Ltd,1,1,1,0.0,0.0,0.01,2663
Wealth Seekers,1,1,1,0.0,0.0,0.01,2664
Overflow Industrial Pty Ltd,1,1,1,0.0,0.0,0.01,2665
CMP CONSULTING GROUP,1,1,1,100.0,0.0,0.01,2666
Meyer Vandenberg Lawyers,1,1,1,0.0,0.0,0.01,2667
The Quartier Bistro & Bar,1,1,1,0.0,0.0,0.01,2668
Telstra Gold Coast Group,1,1,1,100.0,0.0,0.01,2669
Lens10,1,1,1,0.0,0.0,0.01,2670
Cullen Bay Marina Management Corporation,1,1,1,0.0,0.0,0.01,2671
Geoff Ninnes Fong and Partners Pty Ltd,1,1,1,100.0,0.0,0.01,2672
Jurlina recycling,1,1,1,100.0,0.0,0.01,2673
Patriot Campers,1,1,1,0.0,0.0,0.01,2674
South East Water Corporation,1,1,1,0.0,0.0,0.01,2675
Coulter Roache Lawyers,1,1,1,0.0,0.0,0.01,2676
Thinxtra,1,1,1,0.0,0.0,0.01,2677
Allied Express,1,1,1,0.0,0.0,0.01,2678
City East Community College,1,1,1,0.0,0.0,0.01,2679
TCR GSE,1,1,1,0.0,0.0,0.01,2680
BGC Housing Group,1,1,1,0.0,0.0,0.01,2681
Auspacific Property Investment Pty Ltd,1,1,1,0.0,0.0,0.01,2682
DaySolutions,1,1,1,100.0,0.0,0.01,2683
Transpower,1,1,1,0.0,0.0,0.01,2684
Arjo Australia Pty Ltd,1,1,1,0.0,0.0,0.01,2685
Australian Medical Council,1,1,1,0.0,0.0,0.01,2686
Protein Supplies Australia,1,1,1,0.0,0.0,0.01,2687
Yakult Australia Pty Ltd,1,1,1,0.0,0.0,0.01,2688
The Academy Brand,1,1,1,0.0,0.0,0.01,2689
Glory Group,1,1,1,100.0,0.0,0.01,2690
FleetPlus Limited,1,1,1,0.0,0.0,0.01,2691
Techforce Personnel Pty.,1,1,1,0.0,0.0,0.01,2692
Eight Recruitment,1,1,1,100.0,0.0,0.01,2693
Church & Dwight (Australia),1,1,1,0.0,0.0,0.01,2694
Hobson Prior Australia,1,1,1,0.0,0.0,0.01,2695
OTM Group Ltd,1,1,1,0.0,0.0,0.01,2696
Butterfly Systems,1,1,1,100.0,0.0,0.01,2697
Bartier Perry,1,1,1,0.0,0.0,0.01,2698
The Behrakis Group,1,1,1,0.0,0.0,0.01,2699
Green Energy Experts,1,1,1,100.0,0.0,0.01,2700
Temple & Webster Group,1,1,1,0.0,0.0,0.01,2701
Decorug,1,1,1,0.0,0.0,0.01,2702
Compass Group NZ Ltd,1,1,1,100.0,0.0,0.01,2703
Retail Career Consulting Pty Ltd,1,1,1,100.0,0.0,0.01,2704
BUILDSAFE AUSTRALIA PTY LTD,1,1,1,100.0,0.0,0.01,2705
RV Super Centre,1,1,1,0.0,0.0,0.01,2706
Atlis Country Pharmacy,1,1,1,0.0,0.0,0.01,2707
Willoughby City Council,1,1,1,100.0,0.0,0.01,2708
Rezource Limited,1,1,1,0.0,0.0,0.01,2709
Brightgreen Pty Ltd,1,1,1,100.0,0.0,0.01,2710
Raise Foundation,1,1,1,0.0,0.0,0.01,2711
FIRCROFT AUSTRALIA PTY LTD,1,1,1,0.0,0.0,0.01,2712
Aotearoa New Zealand Fine Wine Estates,1,1,1,0.0,0.0,0.01,2713
Probiotec Pharma Pty Ltd,1,1,1,0.0,0.0,0.01,2714
Community Housing Industry Association NSW,1,1,1,0.0,0.0,0.01,2715
TheNile.com.au,1,1,1,100.0,0.0,0.01,2716
Rosenfeld Kant and Co,1,1,1,100.0,0.0,0.01,2717
ALH GROUP- Lockies Hotel,1,1,1,0.0,0.0,0.01,2718
Moldex-Metric International L.L.C.,1,1,1,0.0,0.0,0.01,2719
Delectus Solutions,1,1,1,100.0,0.0,0.01,2720
Jackalope Hotels,1,1,1,0.0,0.0,0.01,2721
Lime Recruitment,1,1,1,0.0,0.0,0.01,2722
BASF,1,1,1,0.0,0.0,0.01,2723
Department of Transport,1,1,1,0.0,0.0,0.01,2724
Fumage Pty Ltd,1,1,1,0.0,0.0,0.01,2725
Auckland District Health Board,1,1,1,0.0,0.0,0.01,2726
The Sebel Melbourne Docklands,1,1,1,0.0,0.0,0.01,2727
Loop Recruitment Pty Ltd,1,1,1,0.0,0.0,0.01,2728
VITRUVIAN HEALTH,1,1,1,100.0,0.0,0.01,2729
Northern Trust,1,1,1,0.0,0.0,0.01,2730
Etihad Airways,1,1,1,0.0,0.0,0.01,2731
All About People Group Pty Ltd,1,1,1,0.0,0.0,0.01,2732
Challenge Consulting Sydney,1,1,1,100.0,0.0,0.01,2733
Hancock Farmland Services,1,1,1,0.0,0.0,0.01,2734
The Star Entertainment Group,1,1,1,100.0,0.0,0.01,2735
Justified Talent Pty. Limited,1,1,1,0.0,0.0,0.01,2736
IOSIS Limited,1,1,1,0.0,0.0,0.01,2737
Karakan,1,1,1,0.0,0.0,0.01,2738
Beaurepaires,1,1,1,0.0,0.0,0.01,2739
empire group,1,1,1,100.0,0.0,0.01,2740
Total Tools - Store Network,1,1,1,0.0,0.0,0.01,2741
Vocam Pty Ltd,1,1,1,100.0,0.0,0.01,2742
Shire of Serpentine Jarrahdale,1,1,1,0.0,0.0,0.01,2743
Zen Detox,1,1,1,0.0,0.0,0.01,2744
ClearView,1,1,1,100.0,0.0,0.01,2745
Cubed Studio,1,1,1,100.0,0.0,0.01,2746
District Council Elliston,1,1,1,0.0,0.0,0.01,2747
AWX Newcastle,1,1,1,100.0,0.0,0.01,2748
Dr Michael Dowd,1,1,1,0.0,0.0,0.01,2749
Wolfram Metal Recyclers,1,1,1,100.0,0.0,0.01,2750
EVERGREEN SHIPPING AGENCY (AUSTRALIA) PTY LTD,1,1,1,100.0,0.0,0.01,2751
Mining Equipment Maintenance Pty Ltd,1,1,1,0.0,0.0,0.01,2752
Adapta Business Products,1,1,1,0.0,0.0,0.01,2753
Auzzie Families Homestay Care,1,1,1,0.0,0.0,0.01,2754
Junair Spraybooths,1,1,1,0.0,0.0,0.01,2755
Ewash Australia,1,1,1,0.0,0.0,0.01,2756
Home Support Association Inc,1,1,1,100.0,0.0,0.01,2757
Joondalup Health Campus Ramsay Health,1,1,1,100.0,0.0,0.01,2758
Woolworths NZ Ltd,1,1,1,0.0,0.0,0.01,2759
IMPACT Community Services Inc,1,1,1,100.0,0.0,0.01,2760
NARAYAN LOGISTIC SERVICES PTY LTD,1,1,1,100.0,0.0,0.01,2761
Bennetti Coffee Roasters,1,1,1,100.0,0.0,0.01,2762
ADP Recruitment Services (Aust) P/L,1,1,1,100.0,0.0,0.01,2763
McCorkell & Associates,1,1,1,0.0,0.0,0.01,2764
Windsor Smith Retail,1,1,1,100.0,0.0,0.01,2765
Britex Carpet Care Pty Ltd,1,1,1,0.0,0.0,0.01,2766
Stockdale Sydney,1,1,1,0.0,0.0,0.01,2767
TRANSEARCH International Australia Pty Ltd,1,1,1,100.0,0.0,0.01,2768
Integria Healthcare,1,1,1,0.0,0.0,0.01,2769
mycombo,1,1,1,100.0,0.0,0.01,2770
Campos Coffee,1,1,1,0.0,0.0,0.01,2771
Gumbuya World,1,1,1,0.0,0.0,0.01,2772
Rugby Australia,1,1,1,0.0,0.0,0.01,2773
Queensland Rugby Football League Limited,1,1,1,100.0,0.0,0.01,2774
Cornucopia Consultancy,1,1,1,100.0,0.0,0.01,2775
Talent Streams,1,1,1,100.0,0.0,0.01,2776
Tynan Motor Group,1,1,1,0.0,0.0,0.01,2777
Federation University Australia,1,1,1,0.0,0.0,0.01,2778
sportsbet.com.au,1,1,1,0.0,0.0,0.01,2779
Metro South Health,1,1,1,100.0,0.0,0.01,2780
Queensland Urban Utilities,1,1,1,0.0,0.0,0.01,2781
Ray White Warrnambool,1,1,1,0.0,0.0,0.01,2782
Moda events,1,1,1,0.0,0.0,0.01,2783
Laureate Education Services Australia Pty Ltd,1,1,1,0.0,0.0,0.01,2784
The Ruby Group,1,1,1,0.0,0.0,0.01,2785
Andrews Projects,1,1,1,0.0,0.0,0.01,2786
Hokkaido Baked Cheese Tart,1,1,1,100.0,0.0,0.01,2787
Red Appointments,1,1,1,0.0,0.0,0.01,2788
Blooms the Chemist Dubbo,1,1,1,0.0,0.0,0.01,2789
Chantelle's Choice,1,1,1,0.0,0.0,0.01,2790
Paltech Corporation,1,1,1,100.0,0.0,0.01,2791
Satterley Property Group,1,1,1,100.0,0.0,0.01,2792
Administrative Appeals Tribunal,1,1,1,100.0,0.0,0.01,2793
Forté Recruitment Ltd,1,1,1,100.0,0.0,0.01,2794
Ministry of Justice,1,1,1,100.0,0.0,0.01,2795
Ribs & Burgers,1,1,1,0.0,0.0,0.01,2796
Employer Hub,1,1,1,100.0,0.0,0.01,2797
ZECO Energy,1,1,1,0.0,0.0,0.01,2798
rhi,1,1,1,0.0,0.0,0.01,2799
Health Focus Manufacturers,1,1,1,0.0,0.0,0.01,2800
NOVA Partners,1,1,1,0.0,0.0,0.01,2801
Extrastaff Moorabbin,1,1,1,0.0,0.0,0.01,2802
Lead Group,1,1,1,100.0,0.0,0.01,2803
Auckland Trotting Club Inc,1,1,1,0.0,0.0,0.01,2804
Betfair Pty Ltd,1,1,1,0.0,0.0,0.01,2805
Crowne Plaza Hunter Valley,1,1,1,0.0,0.0,0.01,2806
Hop Products Australia,1,1,1,0.0,0.0,0.01,2807
CountPlus,1,1,1,100.0,0.0,0.01,2808
Invest in Talent Pty Ltd,1,1,1,100.0,0.0,0.01,2809
Crafted Property Agents,1,1,1,0.0,0.0,0.01,2810
The Branksome Hotel & Residences,1,1,1,0.0,0.0,0.01,2811
Chele Business Solutions,1,1,1,0.0,0.0,0.01,2812
Raise Finance,1,1,1,100.0,0.0,0.01,2813
Clayton & Shuttleworth,1,1,1,0.0,0.0,0.01,2814
TW Power Services Pty Ltd,1,1,1,0.0,0.0,0.01,2815
Pandora,1,1,1,0.0,0.0,0.01,2816
PCT Global Pty Ltd,1,1,1,0.0,0.0,0.01,2817
myprosperity Pty Ltd,1,1,1,0.0,0.0,0.01,2818
ECH Inc,1,1,1,100.0,0.0,0.01,2819
Bethlehem College,1,1,1,0.0,0.0,0.01,2820
Adstaff Advertising Recruitment,1,1,1,100.0,0.0,0.01,2821
Envato,1,1,1,0.0,0.0,0.01,2822
Simply Elite,1,1,1,0.0,0.0,0.01,2823
Tompkins Wake Lawyers,1,1,1,0.0,0.0,0.01,2824
annecto Inc.,1,1,1,0.0,0.0,0.01,2825
Marciano Industries Group,1,1,1,0.0,0.0,0.01,2826
DALWALLINU  HAULAGE,1,1,1,0.0,0.0,0.01,2827
Creative Dental,1,1,1,100.0,0.0,0.01,2828
Nexis Accountants,1,1,1,0.0,0.0,0.01,2829
Whittle Knight & Boatwood Ltd,1,1,1,0.0,0.0,0.01,2830
Indigo HR,1,1,1,0.0,0.0,0.01,2831
Mondelez International,1,1,1,0.0,0.0,0.01,2832
The InterContinental Melbourne  The Rialto,1,1,1,100.0,0.0,0.01,2833
McDonald Jones Homes,1,1,1,0.0,0.0,0.01,2834
mexec careers,1,1,1,0.0,0.0,0.01,2835
Diabetes Victoria,1,1,1,0.0,0.0,0.01,2836
Winc,1,1,1,0.0,0.0,0.01,2837
Golden Messenger,1,1,1,0.0,0.0,0.01,2838
Go Sports,1,1,1,100.0,0.0,0.01,2839
ES Reinforcement,1,1,1,0.0,0.0,0.01,2840
Derrimut 24:7 Gym,1,1,1,0.0,0.0,0.01,2841
WW Australia & New Zealand,1,1,1,0.0,0.0,0.01,2842
Personnel Resources/Temp Resources,1,1,1,100.0,0.0,0.01,2843
Springboard Trust,1,1,1,0.0,0.0,0.01,2844
SDI Limited,1,1,1,0.0,0.0,0.01,2845
Orchard Talent Group,1,1,1,0.0,0.0,0.01,2846
The Sink Warehouse,1,1,1,100.0,0.0,0.01,2847
Geraldton Property Team,1,1,1,0.0,0.0,0.01,2848
QV Medical,1,1,1,100.0,0.0,0.01,2849
Kehoe Myers Consulting Engineers,1,1,1,0.0,0.0,0.01,2850
St Mary's Aged Care,1,1,1,0.0,0.0,0.01,2851
BOYD RECRUITMENT,1,1,1,0.0,0.0,0.01,2852
ECMS,1,1,1,100.0,0.0,0.01,2853
Launchtwo People,1,1,1,0.0,0.0,0.01,2854
Asia Escape Holidays,1,1,1,0.0,0.0,0.01,2855
Prouds Jewellers,1,1,1,0.0,0.0,0.01,2856
The Prince of Merewether,1,1,1,0.0,0.0,0.01,2857
The Menzies Group,1,1,1,100.0,0.0,0.01,2858
PI.EXCHANGE,1,1,1,0.0,0.0,0.01,2859
Nespresso,1,1,1,100.0,0.0,0.01,2860
Milk & Sugar Pty Ltd,1,1,1,0.0,0.0,0.01,2861
Sales Recruit Australia,1,1,1,0.0,0.0,0.01,2862
Remastone,1,1,1,0.0,0.0,0.01,2863
Ocwen Energy Pty Ltd,1,1,1,0.0,0.0,0.01,2864
Younity Limited,1,1,1,0.0,0.0,0.01,2865
Northshore Pet Resort,1,1,1,0.0,0.0,0.01,2866
Beaumont&Beaumont,1,1,1,0.0,0.0,0.01,2867
Fossil,1,1,1,100.0,0.0,0.01,2868
ALH Group - Miami Tavern,1,1,1,0.0,0.0,0.01,2869
Green IT Talent Pty Ltd,1,1,1,100.0,0.0,0.01,2870
Wilson,1,1,1,0.0,0.0,0.01,2871
Exel Group,1,1,1,0.0,0.0,0.01,2872
Urban Renewables,1,1,1,100.0,0.0,0.01,2873
The All Natural Company,1,1,1,0.0,0.0,0.01,2874
Academy Ballet,1,1,1,100.0,0.0,0.01,2875
UNSW Global Pty Ltd,1,1,1,0.0,0.0,0.01,2876
The  Executive Index Pty Ltd,1,1,1,0.0,0.0,0.01,2877
GALLOWAY ENGINE RECONDITIONING,1,1,1,0.0,0.0,0.01,2878
Restaurant Brands Ltd,1,1,1,0.0,0.0,0.01,2879
Andros Barker's Australia Pty Ltd,1,1,1,0.0,0.0,0.01,2880
Access Health and Community,1,1,1,0.0,0.0,0.01,2881
Peter MacCallum Cancer Centre,1,1,1,0.0,0.0,0.01,2882
CozWine,1,1,1,0.0,0.0,0.01,2883
New Zealand Post Limited,1,1,1,0.0,0.0,0.01,2884
Turbo Staff,1,1,1,0.0,0.0,0.01,2885
Go-To Skincare,1,1,1,0.0,0.0,0.01,2886
Australian Facilities Group,1,1,1,0.0,0.0,0.01,2887
Queensland Fertility Group,1,1,1,0.0,0.0,0.01,2888
Empire Endeavours Pty Ltd,1,1,1,0.0,0.0,0.01,2889
Alex Fraser Group,1,1,1,100.0,0.0,0.01,2890
Geelong Family Lawyers,1,1,1,0.0,0.0,0.01,2891
DXC Technology Australia Pty LTD,1,1,1,100.0,0.0,0.01,2892
Aegis Aged Care,1,1,1,0.0,0.0,0.01,2893
Verus NZ Limited,1,1,1,0.0,0.0,0.01,2894
Mountain Goat,1,1,1,0.0,0.0,0.01,2895
FPA Australia Pty Ltd,1,1,1,0.0,0.0,0.01,2896
West Recruitment,1,1,1,100.0,0.0,0.01,2897
Arcare,1,1,1,0.0,0.0,0.01,2898
Uzit Holdings PTY LTD,1,1,1,0.0,0.0,0.01,2899
Duncan Macadamia Monitoring,1,1,1,100.0,0.0,0.01,2900
MTP Services,1,1,1,0.0,0.0,0.01,2901
ICE Data Services,1,1,1,0.0,0.0,0.01,2902
Canon Medical Systems ANZ Pty Limited,1,1,1,0.0,0.0,0.01,2903
Bakers Delight Brookside,1,1,1,0.0,0.0,0.01,2904
Male Street Medical Centre,1,1,1,100.0,0.0,0.01,2905
Minderoo Forrest Family Investments Pty Ltd,1,1,1,0.0,0.0,0.01,2906
Carlins Automotive Auctioneers,1,1,1,100.0,0.0,0.01,2907
Woodfrog Bakery,1,1,1,0.0,0.0,0.01,2908
Local Government NSW,1,1,1,0.0,0.0,0.01,2909
The Fairy and The Garden,1,1,1,100.0,0.0,0.01,2910
Daniels Health,1,1,1,100.0,0.0,0.01,2911
People Infrastructure,1,1,1,0.0,0.0,0.01,2912
Citi,1,1,1,0.0,0.0,0.01,2913
Glass Expansion,1,1,1,0.0,0.0,0.01,2914
New Age Dental,1,1,1,100.0,0.0,0.01,2915
DelConways Home Helpers Pty Ltd,1,1,1,0.0,0.0,0.01,2916
SHK,1,1,1,0.0,0.0,0.01,2917
Unimet Security Pty Ltd,1,1,1,0.0,0.0,0.01,2918
Specsavers Edwardstown,1,1,1,0.0,0.0,0.01,2919
Outcome.Life,1,1,1,100.0,0.0,0.01,2920
Pipemakers NZ Ltd,1,1,1,100.0,0.0,0.01,2921
PHE International,1,1,1,100.0,0.0,0.01,2922
SeaLink South Australia,1,1,1,0.0,0.0,0.01,2923
MG Waste Management,1,1,1,100.0,0.0,0.01,2924
Learning Links,1,1,1,0.0,0.0,0.01,2925
National Windscreens,1,1,1,100.0,0.0,0.01,2926
Silver Search Pty Ltd,1,1,1,0.0,0.0,0.01,2927
ALS Industrial - Asset Care,1,1,1,0.0,0.0,0.01,2928
New Zealand Automobile Association Inc.,1,1,1,0.0,0.0,0.01,2929
Access Group Australia PTY LTD,1,1,1,0.0,0.0,0.01,2930
Cleantastic Sydney,1,1,1,100.0,0.0,0.01,2931
EY,1,1,1,0.0,0.0,0.01,2932
Strategic Executive Solutions,1,1,1,0.0,0.0,0.01,2933
Direct Recruitment Jobfind,1,1,1,0.0,0.0,0.01,2934
Derwent,1,1,1,0.0,0.0,0.01,2935
Brydens Lawyers Pty Limited,1,1,1,0.0,0.0,0.01,2936
Logan City Council,1,1,1,0.0,0.0,0.01,2937
Property Council of Australia,1,1,1,0.0,0.0,0.01,2938
Australian Brushware Corporation,1,1,1,0.0,0.0,0.01,2939
Indec Consulting,1,1,1,100.0,0.0,0.01,2940
Earth AI,1,1,1,0.0,0.0,0.01,2941
Emergent Cold Limited,1,1,1,0.0,0.0,0.01,2942
Gregory Jewellers,1,1,1,0.0,0.0,0.01,2943
Parklake Hotel Pty Ltd,1,1,1,0.0,0.0,0.01,2944
Sapphire Wood Pty Ltd,1,1,1,0.0,0.0,0.01,2945
ABM Systems,1,1,1,0.0,0.0,0.01,2946
Alvaro Logistics,1,1,1,100.0,0.0,0.01,2947
Haigh's Chocolates,1,1,1,0.0,0.0,0.01,2948
Lynden Aged Care,1,1,1,0.0,0.0,0.01,2949
Access Care Network Australia,1,1,1,0.0,0.0,0.01,2950
Electric Factory,1,1,1,0.0,0.0,0.01,2951
Motorcorp Distributors Limited,1,1,1,0.0,0.0,0.01,2952
Gunz Dental,1,1,1,0.0,0.0,0.01,2953
Goodstart Early Learning,1,1,1,0.0,0.0,0.01,2954
Pallion,1,1,1,0.0,0.0,0.01,2955
MiniMovers Pty Ltd,1,1,1,100.0,0.0,0.01,2956
shimtec,1,1,1,0.0,0.0,0.01,2957
Frontline Hospitality Temps ACT & Southern NSW,1,1,1,100.0,0.0,0.01,2958
GNS Science,1,1,1,0.0,0.0,0.01,2959
Migration Institute of Australia,1,1,1,100.0,0.0,0.01,2960
Curtin University,1,1,1,100.0,0.0,0.01,2961
Methanex,1,1,1,0.0,0.0,0.01,2962
Queensland Eye Institute,1,1,1,0.0,0.0,0.01,2963
Controltech Solutions Pty Ltd,1,1,1,100.0,0.0,0.01,2964
Namrata Anavekar,1,1,1,0.0,0.0,0.01,2965
PeopleTalentCulture,1,1,1,0.0,0.0,0.01,2966
Geeks2U Pty Limited,1,1,1,0.0,0.0,0.01,2967
EssEye Transport,1,1,1,0.0,0.0,0.01,2968
Camplify,1,1,1,0.0,0.0,0.01,2969
Foamex Victoria Pty Ltd,1,1,1,0.0,0.0,0.01,2970
NSW Netball Association Ltd,1,1,1,0.0,0.0,0.01,2971
Medibank,1,1,1,0.0,0.0,0.01,2972
HVAC Consolidated Pty Ltd,1,1,1,0.0,0.0,0.01,2973
Little Mountain Pharmacy,1,1,1,0.0,0.0,0.01,2974
Roper Gulf Regional Council,1,1,1,100.0,0.0,0.01,2975
Concept AV Australia,1,1,1,0.0,0.0,0.01,2976
Asahi Beverages,1,1,1,0.0,0.0,0.01,2977
S8,1,1,1,0.0,0.0,0.01,2978
DECC PTY LTD,1,1,1,100.0,0.0,0.01,2979
Rent Property Management,1,1,1,100.0,0.0,0.01,2980
Hospitality Group Training,1,1,1,0.0,0.0,0.01,2981
The Facial Hub,1,1,1,0.0,0.0,0.01,2982
Dream Homes Real Estate,1,1,1,0.0,0.0,0.01,2983
Daramalan College,1,1,1,0.0,0.0,0.01,2984
Volare Recruitment,1,1,1,0.0,0.0,0.01,2985
Hume Community Housing,1,1,1,0.0,0.0,0.01,2986
Treasury Brisbane,1,1,1,0.0,0.0,0.01,2987
Command Group,1,1,1,100.0,0.0,0.01,2988
Saturn Group Limited,1,1,1,0.0,0.0,0.01,2989
SandhillsPacific,1,1,1,0.0,0.0,0.01,2990
1iCT Pty Ltd,1,1,1,0.0,0.0,0.01,2991
Cordelta,1,1,1,0.0,0.0,0.01,2992
Stockmaster Pty Ltd,1,1,1,0.0,0.0,0.01,2993
brisbane bread co,1,1,1,100.0,0.0,0.01,2994
Windhoist Australia Pty Ltd,1,1,1,0.0,0.0,0.01,2995
Pacific Transcription,1,1,1,0.0,0.0,0.01,2996
Southern Cross Group Services Pty Ltd,1,1,1,0.0,0.0,0.01,2997
Hearing Australia,1,1,1,100.0,0.0,0.01,2998
MAURI anz,1,1,1,0.0,0.0,0.01,2999
Platinum Pacific Partners,1,1,1,100.0,0.0,0.01,3000
Preston James Pty Ltd.,1,1,1,100.0,0.0,0.01,3001
Taylors,1,1,1,0.0,0.0,0.01,3002
Accurate Recruitment Pty Ltd,1,1,1,100.0,0.0,0.01,3003
Summit Landscape,1,1,1,0.0,0.0,0.01,3004
The Blackadder Recruitment Company,1,1,1,0.0,0.0,0.01,3005
Djerriwarrh Employment and Education Services,1,1,1,0.0,0.0,0.01,3006
Western Victoria Primary Health Network,1,1,1,100.0,0.0,0.01,3007
Melbourne Water,1,1,1,0.0,0.0,0.01,3008
Premier Pet & Bay Fish,1,1,1,0.0,0.0,0.01,3009
Goulburn Valley Health,1,1,1,0.0,0.0,0.01,3010
The Green Army PTY LTD,1,1,1,0.0,0.0,0.01,3011
Paringa Estate,1,1,1,0.0,0.0,0.01,3012
Dunedin City Council,1,1,1,0.0,0.0,0.01,3013
Equal Access Funding Pty Ltd,1,1,1,100.0,0.0,0.01,3014
Smile Solutions,1,1,1,0.0,0.0,0.01,3015
Southern Cross Dental,1,1,1,0.0,0.0,0.01,3016
Northside Fine Foods,1,1,1,0.0,0.0,0.01,3017
TURNER FREEMAN,1,1,1,0.0,0.0,0.01,3018
Uberfix,1,1,1,0.0,0.0,0.01,3019
Independent Schools Victoria,1,1,1,0.0,0.0,0.01,3020
ASX,1,1,1,0.0,0.0,0.01,3021
Asian Fuzion,1,1,1,0.0,0.0,0.01,3022
Nelson Meers Hotel Group,1,1,1,100.0,0.0,0.01,3023
Directions Workforce Solutions,1,1,1,0.0,0.0,0.01,3024
All 4 People,1,1,1,0.0,0.0,0.01,3025
Tauranga City Council,1,1,1,0.0,0.0,0.01,3026
Scott's Refrigerated Freightways P/L,1,1,1,0.0,0.0,0.01,3027
Equity Transport Group P/L,1,1,1,0.0,0.0,0.01,3028
J2 Group,1,1,1,100.0,0.0,0.01,3029
Airport Pharmacy,1,1,1,0.0,0.0,0.01,3030
Manningham City Council,1,1,1,0.0,0.0,0.01,3031
Meshed Group,1,1,1,0.0,0.0,0.01,3032
Homes By CMA,1,1,1,0.0,0.0,0.01,3033
Right2Drive,1,1,1,0.0,0.0,0.01,3034
Quality Regent Hotel Rockhampton,1,1,1,100.0,0.0,0.01,3035
Ear Nose and Throat Victoria,1,1,1,0.0,0.0,0.01,3036
Byrnecut Australia Pty Ltd,1,1,1,0.0,0.0,0.01,3037
Australian Truck & 4WD Rentals Pty Ltd,1,1,1,0.0,0.0,0.01,3038
AllightSykes Pty Ltd,1,1,1,0.0,0.0,0.01,3039
WaterNSW,1,1,1,0.0,0.0,0.01,3040
Bankwest Group Services,1,1,1,100.0,0.0,0.01,3041
New World,1,1,1,0.0,0.0,0.01,3042
AUTHENTIC,1,1,1,0.0,0.0,0.01,3043
Office of Julian Leeser MP,1,1,1,0.0,0.0,0.01,3044
Somerset Outdoor Learning Centre,1,1,1,0.0,0.0,0.01,3045
Whiz Kidz Early Learning Centre & Pre School,1,1,1,0.0,0.0,0.01,3046
Metrodrain Vic,1,1,1,0.0,0.0,0.01,3047
Skilled Resources Group Aust. Pty Ltd,1,1,1,0.0,0.0,0.01,3048
Hpprofiles,1,1,1,0.0,0.0,0.01,3049
AMG Talent Solutions,1,1,1,0.0,0.0,0.01,3050
EPIC Assist,1,1,1,100.0,0.0,0.01,3051
HVS Electric,1,1,1,0.0,0.0,0.01,3052
Gallipoli Medical Research Foundation,1,1,1,0.0,0.0,0.01,3053
Verve People,1,1,1,100.0,0.0,0.01,3054
L'Oreal Australia,1,1,1,100.0,0.0,0.01,3055
Hilton Brisbane,1,1,1,0.0,0.0,0.01,3056
WorkPac - Brisbane North,1,1,1,100.0,0.0,0.01,3057
Eastlake Football Club,1,1,1,0.0,0.0,0.01,3058
Wilson Surveying,1,1,1,0.0,0.0,0.01,3059
Remote King,1,1,1,0.0,0.0,0.01,3060
Cox Architecture,1,1,1,0.0,0.0,0.01,3061
PeopleStart HR,1,1,1,0.0,0.0,0.01,3062
Cyclic Maintenance Pty Ltd,1,1,1,100.0,0.0,0.01,3063
Thermaltake Australia Pty Ltd,1,1,1,100.0,0.0,0.01,3064
Polyfit Fabrication,1,1,1,0.0,0.0,0.01,3065
Hankook Tyre Australia Pty Ltd,1,1,1,0.0,0.0,0.01,3066
ALH Group - Burleigh Heads Hotel,1,1,1,0.0,0.0,0.01,3067
Mitchell Morley Employees Pty Ltd,1,1,1,0.0,0.0,0.01,3068
A.M.A. SERVICES (W.A.) PTY LTD,1,1,1,0.0,0.0,0.01,3069
ARG Workforce - Mackay,1,1,1,0.0,0.0,0.01,3070
OBE Beef Pty Ltd,1,1,1,0.0,0.0,0.01,3071
SAE Institute,1,1,1,0.0,0.0,0.01,3072
Grey New Pty Ltd,1,1,1,100.0,0.0,0.01,3073
Feisst Group Ltd,1,1,1,0.0,0.0,0.01,3074
Tutt Bryant Group Limited,1,1,1,0.0,0.0,0.01,3075
Stewart Automotive Group,1,1,1,0.0,0.0,0.01,3076
Kin,1,1,1,0.0,0.0,0.01,3077
St Margaret's Anglican Girls School,1,1,1,0.0,0.0,0.01,3078
Point Force Labour Hire,1,1,1,100.0,0.0,0.01,3079
Infinite Care,1,1,1,0.0,0.0,0.01,3080
The Royal Women's Hospital,1,1,1,0.0,0.0,0.01,3081
Prodigy People,1,1,1,100.0,0.0,0.01,3082
Grand Pacific Health,1,1,1,0.0,0.0,0.01,3083
ICD Asia Pacific Pty Ltd,1,1,1,0.0,0.0,0.01,3084
Teknique Limited,1,1,1,0.0,0.0,0.01,3085
Bells Pure Ice,1,1,1,0.0,0.0,0.01,3086
Capital Radiology,1,1,1,0.0,0.0,0.01,3087
Bureau Of Meteorology,1,1,1,100.0,0.0,0.01,3088
ecash Holdings Pty Ltd,1,1,1,0.0,0.0,0.01,3089
Port Curtis Medical Centre,1,1,1,0.0,0.0,0.01,3090
Zurich Financial Services Australia,1,1,1,100.0,0.0,0.01,3091
Ovolo Hotels,1,1,1,0.0,0.0,0.01,3092
The Services Union,1,1,1,100.0,0.0,0.01,3093
SYDNEY LUGGAGE CENTRE,1,1,1,100.0,0.0,0.01,3094
Carpet Call,1,1,1,100.0,0.0,0.01,3095
Aboriginal Legal Service NSW/ACT Limited,1,1,1,100.0,0.0,0.01,3096
Work Health Group,1,1,1,0.0,0.0,0.01,3097
Queensland University of Technology,1,1,1,100.0,0.0,0.01,3098
Affco NZ,1,1,1,0.0,0.0,0.01,3099
Bunzl @ Staffco,1,1,1,0.0,0.0,0.01,3100
M&C Saatchi,1,1,1,0.0,0.0,0.01,3101
Parliamentary Service,1,1,1,0.0,0.0,0.01,3102
Questas Corporate Pty Ltd,1,1,1,0.0,0.0,0.01,3103
Maclean Partners,1,1,1,0.0,0.0,0.01,3104
Community Connection,1,1,1,100.0,0.0,0.01,3105
Lismore City Council,1,1,1,100.0,0.0,0.01,3106
Ngaanyatjarra Council Group,1,1,1,0.0,0.0,0.01,3107
Autopool,1,1,1,0.0,0.0,0.01,3108
888pl poker Sunshine Coast,1,1,1,0.0,0.0,0.01,3109
Re and Sons,1,1,1,0.0,0.0,0.01,3110
Direct Salon Equipment,1,1,1,0.0,0.0,0.01,3111
Mould Cleaning Australia,1,1,1,100.0,0.0,0.01,3112
CDPD,1,1,1,0.0,0.0,0.01,3113
Surf Pacific Pty Ltd,1,1,1,0.0,0.0,0.01,3114
Kinzu Brands,1,1,1,0.0,0.0,0.01,3115
Northern Cooperative Meat Company,1,1,1,0.0,0.0,0.01,3116
Carers Tasmania,1,1,1,0.0,0.0,0.01,3117
MRAEL,1,1,1,0.0,0.0,0.01,3118
Parker Bridge – Global Recruiter Winners 2018 – Best Marketing Campaign,1,1,1,100.0,0.0,0.01,3119
Global 360,1,1,1,0.0,0.0,0.01,3120
Metway Developments Pty Limited,1,1,1,0.0,0.0,0.01,3121
People4Success,1,1,1,0.0,0.0,0.01,3122
TAPS,1,1,1,0.0,0.0,0.01,3123
The Asahi Shimbun,1,1,1,0.0,0.0,0.01,3124
The Base Warehouse,1,1,1,100.0,0.0,0.01,3125
Firebrand Talent,1,1,1,100.0,0.0,0.01,3126
Insight Resourcing,1,1,1,100.0,0.0,0.01,3127
Western Water,1,1,1,0.0,0.0,0.01,3128
Dorset Business Solutions,1,1,1,0.0,0.0,0.01,3129
Altara Resources,1,1,1,0.0,0.0,0.01,3130
Schokman Pty Ltd,1,1,1,0.0,0.0,0.01,3131
Perry Homes,1,1,1,0.0,0.0,0.01,3132
Georges River Council,1,1,1,100.0,0.0,0.01,3133
TriCab (Australia) Pty Ltd,1,1,1,0.0,0.0,0.01,3134
Capital Recruit,1,1,1,100.0,0.0,0.01,3135
WorkPac - Sydney North,1,1,1,100.0,0.0,0.01,3136
Financial Pulse Pty Ltd,1,1,1,0.0,0.0,0.01,3137
Peninsula Aquatic Recreation Centre,1,1,1,0.0,0.0,0.01,3138
FlexiGroup,1,1,1,0.0,0.0,0.01,3139
TRG Imaging,1,1,1,0.0,0.0,0.01,3140
Lake Karrinyup Country Club,1,1,1,0.0,0.0,0.01,3141
SKYCITY,1,1,1,100.0,0.0,0.01,3142
Maxima Training Group (Aust) Ltd.,1,1,1,0.0,0.0,0.01,3143
Hunter Pods Pty Ltd,1,1,1,0.0,0.0,0.01,3144
Gleeson_College,1,1,1,0.0,0.0,0.01,3145
Omnigon,1,1,1,100.0,0.0,0.01,3146
Cin7,1,1,1,0.0,0.0,0.01,3147
The Inenco Group,1,1,1,0.0,0.0,0.01,3148
Indigo Empire Pty Ltd,1,1,1,0.0,0.0,0.01,3149
Mortgage Choice Ashgrove,1,1,1,100.0,0.0,0.01,3150
Maxima Group Training,1,1,1,100.0,0.0,0.01,3151
Slee Anderson & Pidgeon,1,1,1,0.0,0.0,0.01,3152
Lands and Survey Whangarei,1,1,1,100.0,0.0,0.01,3153
Gadens Lawyers,1,1,1,0.0,0.0,0.01,3154
NewCo Financial Services Pty Limited,1,1,1,0.0,0.0,0.01,3155
WORLD GYM BOSSLEY PARK PTY LIMITED,1,1,1,0.0,0.0,0.01,3156
LaserBond Ltd,1,1,1,100.0,0.0,0.01,3157
SILK Laser Clinics,1,1,1,0.0,0.0,0.01,3158
BIG4 Bellarine Holiday Park,1,1,1,0.0,0.0,0.01,3159
Australian Industry Group,1,1,1,0.0,0.0,0.01,3160
City of Whitehorse,1,1,1,0.0,0.0,0.01,3161
Superforex,1,1,1,0.0,0.0,0.01,3162
Southern Oil Refining,1,1,1,0.0,0.0,0.01,3163
Crown Posture Bedding,1,1,1,0.0,0.0,0.01,3164
SunDoctors,1,1,1,0.0,0.0,0.01,3165
Dobinson Davey Clifford Simpson,1,1,1,0.0,0.0,0.01,3166
Ismile studio,1,1,1,0.0,0.0,0.01,3167
Orontide,1,1,1,0.0,0.0,0.01,3168
Kingswood Eye Centre,1,1,1,0.0,0.0,0.01,3169
National Photography,1,1,1,0.0,0.0,0.01,3170
Wagner Industrial Services Pty Ltd,1,1,1,0.0,0.0,0.01,3171
"Department of Environment, Land, Water and Planning",1,1,1,0.0,0.0,0.01,3172
ARYZTA Australia Pty Ltd,1,1,1,100.0,0.0,0.01,3173
Investarent,1,1,1,0.0,0.0,0.01,3174
Mecone,1,1,1,0.0,0.0,0.01,3175
Star HR,1,1,1,100.0,0.0,0.01,3176
Amplify-Now,1,1,1,0.0,0.0,0.01,3177
Doolandella bakehouse,1,1,1,0.0,0.0,0.01,3178
Richemont Australia Pty Ltd,1,1,1,0.0,0.0,0.01,3179
Rationale Group Pty Ltd,1,1,1,0.0,0.0,0.01,3180
Body Shape Female Fitness Centres,1,1,1,0.0,0.0,0.01,3181
Samaritans Foundation,1,1,1,100.0,0.0,0.01,3182
Greenstone Financial Services,1,1,1,100.0,0.0,0.01,3183
Hume Building Products,1,1,1,0.0,0.0,0.01,3184
BlueCross Community & Residential Services,1,1,1,0.0,0.0,0.01,3185
Everything Outside Pty Ltd,1,1,1,0.0,0.0,0.01,3186
AusNet Services,1,1,1,100.0,0.0,0.01,3187
Krispy Kreme,1,1,1,0.0,0.0,0.01,3188
Relationships Australia Queensland,1,1,1,0.0,0.0,0.01,3189
RDJones Group,1,1,1,0.0,0.0,0.01,3190
Walter & Wild,1,1,1,0.0,0.0,0.01,3191
Tasmanian Flour Mills Pty Ltd,1,1,1,0.0,0.0,0.01,3192
Hays Healthcare,1,1,1,0.0,0.0,0.01,3193
Macmahon,1,1,1,0.0,0.0,0.01,3194
Memjet North Ryde Pty Ltd,1,1,1,0.0,0.0,0.01,3195
Downunder People,1,1,1,100.0,0.0,0.01,3196
Dancing Kangaroo Tours,1,1,1,100.0,0.0,0.01,3197
Prime Motion & Control,1,1,1,100.0,0.0,0.01,3198
Berendsen Fluid Power Pty Ltd,1,1,1,0.0,0.0,0.01,3199
Mind Recruitment,1,1,1,0.0,0.0,0.01,3200
The Guild Group,1,1,1,0.0,0.0,0.01,3201
Geronimo Occupational Therapy,1,1,1,0.0,0.0,0.01,3202
AAR Consulting Group P/L,1,1,1,100.0,0.0,0.01,3203
City of Kalgoorlie-Boulder,1,1,1,0.0,0.0,0.01,3204
Caritas Australia,1,1,1,0.0,0.0,0.01,3205
Smarte Carte Australia Pty Ltd,1,1,1,0.0,0.0,0.01,3206
RECRUITCO Corporate,1,1,1,0.0,0.0,0.01,3207
Queensland Airports Limited,1,1,1,100.0,0.0,0.01,3208
The University of Adelaide,1,1,1,100.0,0.0,0.01,3209
Real Time Australia P/L,1,1,1,0.0,0.0,0.01,3210
Interface Recruitment,1,1,1,100.0,0.0,0.01,3211
Oryx People,1,1,1,0.0,0.0,0.01,3212
Reton International,1,1,1,0.0,0.0,0.01,3213
CHT Architects,1,1,1,0.0,0.0,0.01,3214
Sofitel Brisbane Central,1,1,1,100.0,0.0,0.01,3215
CAPA - Centre for Aviation,1,1,1,0.0,0.0,0.01,3216
Specialised Property Solutions Pty Ltd,1,1,1,100.0,0.0,0.01,3217
VERRENCY (R&D) PTY LTD,1,1,1,0.0,0.0,0.01,3218
Redfield Resources,1,1,1,100.0,0.0,0.01,3219
Vodafone Hutchison Australia Pty Limited,1,1,1,0.0,0.0,0.01,3220
Bayside Council,1,1,1,100.0,0.0,0.01,3221
Commit Co Pty Ltd,1,1,1,0.0,0.0,0.01,3222
Easy Signs P/L,1,1,1,100.0,0.0,0.01,3223
Naval Group Australia,1,1,1,0.0,0.0,0.01,3224
Nova Electrical Supplies,1,1,1,100.0,0.0,0.01,3225
Calvary Mater Newcastle,1,1,1,0.0,0.0,0.01,3226
Shrine of Remembrance,1,1,1,0.0,0.0,0.01,3227
Stirling Skills Training Inc,1,1,1,0.0,0.0,0.01,3228
Zoo and Aquarium Association (ZAA),1,1,1,0.0,0.0,0.01,3229
The Prince Hotel,1,1,1,0.0,0.0,0.01,3230
Nelnet International Pty Ltd,1,1,1,100.0,0.0,0.01,3231
CS Executive Group Inc. ChemSkill,1,1,1,0.0,0.0,0.01,3232
searchlight group,1,1,1,0.0,0.0,0.01,3233
Penrith Golf Club,1,1,1,0.0,0.0,0.01,3234
Expression Australia,1,1,1,0.0,0.0,0.01,3235
Queensland Performing Arts Centre,1,1,1,0.0,0.0,0.01,3236
Linear Clinical Research,1,1,1,100.0,0.0,0.01,3237
MLKA Hospitality Recruitment,1,1,1,0.0,0.0,0.01,3238
Sheldon College,1,1,1,0.0,0.0,0.01,3239
EPTEC PTY LTD,1,1,1,0.0,0.0,0.01,3240
CH Racking Australia Pty Ltd,1,1,1,0.0,0.0,0.01,3241
Forest Springs Early Learning Centre,1,1,1,0.0,0.0,0.01,3242
Alceon Bidco Pty Ltd,1,1,1,0.0,0.0,0.01,3243
Williams & Lay Lawyers,1,1,1,0.0,0.0,0.01,3244
WA Profiling and WA Stabilising,1,1,1,0.0,0.0,0.01,3245
JAS Information Services,1,1,1,0.0,0.0,0.01,3246
McDonalds St Peters,1,1,1,100.0,0.0,0.01,3247
River Doc's ED,1,1,1,100.0,0.0,0.01,3248
Bella Vista Motel Oamaru,1,1,1,100.0,0.0,0.01,3249
Catholic Education Office of WA,1,1,1,0.0,0.0,0.01,3250
Vendito Consulting Group,1,1,1,100.0,0.0,0.01,3251
Border Express Pty Ltd,1,1,1,0.0,0.0,0.01,3252
Eastern Suburbs Orthodontics,1,1,1,100.0,0.0,0.01,3253
TechConnect IT Solutions Pty Ltd,1,1,1,0.0,0.0,0.01,3254
Narellan Pools,1,1,1,0.0,0.0,0.01,3255
Inghams Enterprises Pty Ltd,1,1,1,0.0,0.0,0.01,3256
Natural Selection Group,1,1,1,0.0,0.0,0.01,3257
LJ Hooker,1,1,1,0.0,0.0,0.01,3258
Kay & Burton,1,1,1,0.0,0.0,0.01,3259
Active Recruitment Pty Ltd,1,1,1,0.0,0.0,0.01,3260
BANK OF SYDNEY LTD,1,1,1,0.0,0.0,0.01,3261
Outotec Pty Ltd,1,1,1,0.0,0.0,0.01,3262
Flooring Xtra,1,1,1,0.0,0.0,0.01,3263
Briscoe Group,1,1,1,0.0,0.0,0.01,3264
UE,1,1,1,0.0,0.0,0.01,3265
Orchard HRO,1,1,1,0.0,0.0,0.01,3266
Ikon Institute of Australia,1,1,1,0.0,0.0,0.01,3267
Correlate Resources,1,1,1,100.0,0.0,0.01,3268
Invenco Group,1,1,1,0.0,0.0,0.01,3269
Lassoo Media Ltd,1,1,1,0.0,0.0,0.01,3270
Itree Pty Limited,1,1,1,0.0,0.0,0.01,3271
Frosty Boy Australia,1,1,1,0.0,0.0,0.01,3272
Suncoast Appliance Services,1,1,1,100.0,0.0,0.01,3273
Salt Search,1,1,1,0.0,0.0,0.01,3274
Australasian College for Emergency Medicine,1,1,1,0.0,0.0,0.01,3275
Joblink Plus,1,1,1,0.0,0.0,0.01,3276
Reserve Bank of New Zealand,1,1,1,0.0,0.0,0.01,3277
Vue Group,1,1,1,0.0,0.0,0.01,3278
Queensland Fire and Emergency Services,1,1,1,100.0,0.0,0.01,3279
torres pilots,1,1,1,0.0,0.0,0.01,3280
Barnes Capital,1,1,1,0.0,0.0,0.01,3281
Peter Warren Automotive,1,1,1,0.0,0.0,0.01,3282
Maxibor Australia Pty Limited,1,1,1,0.0,0.0,0.01,3283
Koonwarra Village School,1,1,1,100.0,0.0,0.01,3284
nura,1,1,1,0.0,0.0,0.01,3285
Qube Ports and Bulk,1,1,1,0.0,0.0,0.01,3286
True Relationships and  Reproductive Health,1,1,1,0.0,0.0,0.01,3287
Mampu Maninja-kurlangu Jarlu Patu-ku Aboriginal Corp.,1,1,1,0.0,0.0,0.01,3288
Ballarat Health Services,1,1,1,0.0,0.0,0.01,3289
Redwood,1,1,1,0.0,0.0,0.01,3290
Andrew Petrie Talent,1,1,1,100.0,0.0,0.01,3291
EUCALYPTUS MONTESSORI,1,1,1,100.0,0.0,0.01,3292
salt,1,1,1,0.0,0.0,0.01,3293
Alibaba Melbourne Airport,1,1,1,0.0,0.0,0.01,3294
Life Interiors Pty Ltd,1,1,1,0.0,0.0,0.01,3295
Premiair Aviation Maintenance,1,1,1,0.0,0.0,0.01,3296
CHAR CATERING MANAGEMENT (QLD) PTY LTD,1,1,1,0.0,0.0,0.01,3297
Performax HR Pty Ltd,1,1,1,0.0,0.0,0.01,3298
Main Roads Western Australia,1,1,1,100.0,0.0,0.01,3299
Volkswagen Financial Services,1,1,1,0.0,0.0,0.01,3300
Regus Australia,1,1,1,0.0,0.0,0.01,3301
Populus Performance Pty Ltd,1,1,1,100.0,0.0,0.01,3302
EnerMech Pty Ltd,1,1,1,0.0,0.0,0.01,3303
Comspek International Limited,1,1,1,0.0,0.0,0.01,3304
Education Services Limited,1,1,1,0.0,0.0,0.01,3305
Zebco Recruitment,1,1,1,0.0,0.0,0.01,3306
Melanoma Network of New Zealand,1,1,1,0.0,0.0,0.01,3307
SWARK LTD,1,1,1,0.0,0.0,0.01,3308
Hillcrest Pastoral Company,1,1,1,0.0,0.0,0.01,3309
InQuik,1,1,1,100.0,0.0,0.01,3310
Frontline Retail Northern NSW,1,1,1,100.0,0.0,0.01,3311
Flexistrut Australia,1,1,1,0.0,0.0,0.01,3312
Group 1 Staffing,1,1,1,0.0,0.0,0.01,3313
The Hollard Insurance Company,1,1,1,0.0,0.0,0.01,3314
SICE Pty Ltd,1,1,1,0.0,0.0,0.01,3315
Camberwell Grammar School,1,1,1,0.0,0.0,0.01,3316
Greater Bank Limited,1,1,1,0.0,0.0,0.01,3317
Patties Foods Pty Ltd,1,1,1,0.0,0.0,0.01,3318
Whelan Kartaway,1,1,1,0.0,0.0,0.01,3319
New Way Agencies Pty Ltd,1,1,1,100.0,0.0,0.01,3320
Munro Doig,1,1,1,0.0,0.0,0.01,3321
Oreco Group,1,1,1,0.0,0.0,0.01,3322
Extrastaff Parramatta,1,1,1,100.0,0.0,0.01,3323
Synchro Marketing Australia Pty Ltd,1,1,1,0.0,0.0,0.01,3324
Oriental Merchant Pty Ltd,1,1,1,0.0,0.0,0.01,3325
Worley New Zealand Limited,1,1,1,0.0,0.0,0.01,3326
Cranios Pty Ltd,1,1,1,0.0,0.0,0.01,3327
happy feet,1,1,1,0.0,0.0,0.01,3328
White Bay Search,1,1,1,0.0,0.0,0.01,3329
21 Triangles,1,1,1,0.0,0.0,0.01,3330
CV2ME Pty Ltd,1,1,1,0.0,0.0,0.01,3331
m3property,1,1,1,0.0,0.0,0.01,3332
AssessAdvantage,1,1,1,0.0,0.0,0.01,3333
Emerald Coaches,1,1,1,100.0,0.0,0.01,3334
Evolution Recruitment Solutions Pty Ltd,1,1,1,100.0,0.0,0.01,3335
Dr Michael Kirshon,1,1,1,0.0,0.0,0.01,3336
Wallington's WRG,1,1,1,0.0,0.0,0.01,3337
Advocacy Law Alliance,1,1,1,100.0,0.0,0.01,3338
Spotlight Ltd,1,1,1,0.0,0.0,0.01,3339
Abundance 10X,1,1,1,100.0,0.0,0.01,3340
Izzy's Cafe,1,1,1,100.0,0.0,0.01,3341
Windsor Group,1,1,1,0.0,0.0,0.01,3342
Laing + Simmons Real Estate Blacktown,1,1,1,0.0,0.0,0.01,3343
Coolibah Herbs,1,1,1,0.0,0.0,0.01,3344
Jet Pets Animal Transport P/L,1,1,1,0.0,0.0,0.01,3345
Flinders Backpackers,1,1,1,100.0,0.0,0.01,3346
Anglo American Metallurgical Coal,1,1,1,0.0,0.0,0.01,3347
Build a Bear Workshop Australia,1,1,1,0.0,0.0,0.01,3348
Korn Ferry,1,1,1,100.0,0.0,0.01,3349
ALH Group - Kedron Park Hotel,1,1,1,0.0,0.0,0.01,3350
GPK Group,1,1,1,0.0,0.0,0.01,3351
Stratton,1,1,1,100.0,0.0,0.01,3352
Commerce Enterprises Management Pty Ltd,1,1,1,0.0,0.0,0.01,3353
40 Foot Consulting Limited,1,1,1,0.0,0.0,0.01,3354
Orbit Fitness,1,1,1,100.0,0.0,0.01,3355
World Class Conveyancing,1,1,1,100.0,0.0,0.01,3356
Capricorn Copper,1,1,1,0.0,0.0,0.01,3357
Department of Housing & Public Works,1,1,1,100.0,0.0,0.01,3358
Edupac Ltd,1,1,1,0.0,0.0,0.01,3359
Webb Martin Consulting Pty Ltd,1,1,1,0.0,0.0,0.01,3360
Searson Buck P/L,1,1,1,0.0,0.0,0.01,3361
Sydney Private Hospital c/o IPHOA,1,1,1,0.0,0.0,0.01,3362
Wonthaggi Miners Dispensary,1,1,1,0.0,0.0,0.01,3363
ANZ Mobile Lending – Newtown,1,1,1,100.0,0.0,0.01,3364
Hillcrest Christian College,1,1,1,0.0,0.0,0.01,3365
Martin Denture and Dental,1,1,1,0.0,0.0,0.01,3366
Dendy Cinemas,1,1,1,0.0,0.0,0.01,3367
Joss Group,1,1,1,0.0,0.0,0.01,3368
Politis Investment Strategies,1,1,1,0.0,0.0,0.01,3369
Fox Sports Australia,1,1,1,0.0,0.0,0.01,3370
Yealands,1,1,1,0.0,0.0,0.01,3371
Jacana Energy,1,1,1,100.0,0.0,0.01,3372
Royal Victorian Eye & Ear Hospital,1,1,1,0.0,0.0,0.01,3373
O'Brien Business Consultants,1,1,1,0.0,0.0,0.01,3374
Ockerby Real Estate,1,1,1,0.0,0.0,0.01,3375
Cox Automotive Australia,1,1,1,100.0,0.0,0.01,3376
myadbox,1,1,1,0.0,0.0,0.01,3377
Net Hoster,1,1,1,0.0,0.0,0.01,3378
David Jones Limited,1,1,1,0.0,0.0,0.01,3379
Dog Royalty,1,1,1,100.0,0.0,0.01,3380
Cettire,1,1,1,0.0,0.0,0.01,3381
Alliance Automation,1,1,1,0.0,0.0,0.01,3382
Ursula Frayne Catholic College,1,1,1,0.0,0.0,0.01,3383
Tamworth Business Chamber,1,1,1,100.0,0.0,0.01,3384
Coretex,1,1,1,0.0,0.0,0.01,3385
Access CN Marketing and Communications,1,1,1,0.0,0.0,0.01,3386
The Strathmore Hotel,1,1,1,0.0,0.0,0.01,3387
Kirkbrae Presbyterian Homes,1,1,1,0.0,0.0,0.01,3388
Maroochy Waterfront Camp & Conference Centre,1,1,1,0.0,0.0,0.01,3389
Hunter Valley Cleaning Company,1,1,1,0.0,0.0,0.01,3390
Youth Off The Streets Ltd,1,1,1,0.0,0.0,0.01,3391
American Hotel Echuca,1,1,1,0.0,0.0,0.01,3392
A&L Windows ( Qld) Pty Ltd,1,1,1,100.0,0.0,0.01,3393
Esteem care services,1,1,1,0.0,0.0,0.01,3394
Radium Capital,1,1,1,0.0,0.0,0.01,3395
Rush Express,1,1,1,0.0,0.0,0.01,3396
Fatty's Garage,1,1,1,100.0,0.0,0.01,3397
Bauer Media Group,1,1,1,100.0,0.0,0.01,3398
Epilepsy Foundation,1,1,1,0.0,0.0,0.01,3399
Natural Lighting Products,1,1,1,100.0,0.0,0.01,3400
Veneziano Coffee,1,1,1,0.0,0.0,0.01,3401
Charles J Bannister t/as Bannister Law,1,1,1,100.0,0.0,0.01,3402
AUSGRID,1,1,1,100.0,0.0,0.01,3403
Horizon Plastic Surgery,1,1,1,0.0,0.0,0.01,3404
Aristocrat Technologies,1,1,1,0.0,0.0,0.01,3405
Health Partners,1,1,1,0.0,0.0,0.01,3406
Arvis and Collins RealEstate pty ltd,1,1,1,100.0,0.0,0.01,3407
carsales.com Ltd,1,1,1,0.0,0.0,0.01,3408
THE JUNCTION WORKS LTD,1,1,1,0.0,0.0,0.01,3409
Far North District Council,1,1,1,100.0,0.0,0.01,3410
Ahrens Group,1,1,1,0.0,0.0,0.01,3411
PRESTIGE TRUCK BODIES PTY LTD,1,1,1,0.0,0.0,0.01,3412
SkyPoint,1,1,1,0.0,0.0,0.01,3413
Datacom is one of Australasia’s largest professional IT services companies,1,1,1,0.0,0.0,0.01,3414
The Walter and Eliza Hall Institute,1,1,1,0.0,0.0,0.01,3415
The Jerky Company,1,1,1,100.0,0.0,0.01,3416
L'Occitane Australia Pty Ltd,1,1,1,100.0,0.0,0.01,3417
Pathway Charitable Group,1,1,1,0.0,0.0,0.01,3418
Nine,1,1,1,0.0,0.0,0.01,3419
BURSON,1,1,1,0.0,0.0,0.01,3420
Salisbury Day Surgery,1,1,1,0.0,0.0,0.01,3421
Enterprise IT Resources Pty Ltd,1,1,1,100.0,0.0,0.01,3422
Lifeline Direct Ltd,1,1,1,0.0,0.0,0.01,3423
Dynamica Electrical,1,1,1,0.0,0.0,0.01,3424
Aotea Holdings Limited,1,1,1,0.0,0.0,0.01,3425
Original Campus,1,1,1,0.0,0.0,0.01,3426
Cross Keys Hotel,1,1,1,0.0,0.0,0.01,3427
ACG Education Limited,1,1,1,0.0,0.0,0.01,3428
Coffs Harbour City Council,1,1,1,0.0,0.0,0.01,3429
Haymarket Foundation Ltd,1,1,1,0.0,0.0,0.01,3430
Access Group Solutions Pty Ltd,1,1,1,100.0,0.0,0.01,3431
Kokovitis transport,1,1,1,0.0,0.0,0.01,3432
Val Morgan,1,1,1,0.0,0.0,0.01,3433
CoreStaff South Australia,1,1,1,0.0,0.0,0.01,3434
WorkPac - Rockingham,1,1,1,100.0,0.0,0.01,3435
CatholicCare Diocese of Broken Bay,1,1,1,0.0,0.0,0.01,3436
KORR,1,1,1,0.0,0.0,0.01,3437
Insearch Ltd,1,1,1,0.0,0.0,0.01,3438
North Shore Private Hospital Ramsay Health,1,1,1,0.0,0.0,0.01,3439
MarketPlace Fresh,1,1,1,0.0,0.0,0.01,3440
Horizon Recruitment,1,1,1,0.0,0.0,0.01,3441
Cobaw Community Health Services Ltd,1,1,1,0.0,0.0,0.01,3442
Ben's Bin Hire P/L,1,1,1,0.0,0.0,0.01,3443
Club Burwood,1,1,1,0.0,0.0,0.01,3444
WA Primary Health Alliance,1,1,1,0.0,0.0,0.01,3445
Frazer Jones,1,1,1,0.0,0.0,0.01,3446
Savor Group Ltd,1,1,1,0.0,0.0,0.01,3447
The Paraplegic & Quadriplegic Association of SA,1,1,1,0.0,0.0,0.01,3448
Bramble & Hedge PTY LTD,1,1,1,100.0,0.0,0.01,3449
Cricket Australia,1,1,1,0.0,0.0,0.01,3450
Department of Jobs and Small Business,1,1,1,100.0,0.0,0.01,3451
rhipe,1,1,1,0.0,0.0,0.01,3452
Huntingtower School,1,1,1,0.0,0.0,0.01,3453
Yorke Peninsula Council,1,1,1,100.0,0.0,0.01,3454
Newaim Pty Ltd,1,1,1,0.0,0.0,0.01,3455
Civeo,1,1,1,0.0,0.0,0.01,3456
Airport Hotel,1,1,1,0.0,0.0,0.01,3457
Kyabra Community Assocation Inc,1,1,1,0.0,0.0,0.01,3458
JVA Technologies,1,1,1,0.0,0.0,0.01,3459
Enero Group,1,1,1,0.0,0.0,0.01,3460
Pulse Automation Solutions Pty Ltd,1,1,1,0.0,0.0,0.01,3461
St Vincent's Health Australia,1,1,1,0.0,0.0,0.01,3462
Needus,1,1,1,100.0,0.0,0.01,3463
Mountain Blue Transport,1,1,1,100.0,0.0,0.01,3464
Pacific Search Partners,1,1,1,100.0,0.0,0.01,3465
George's on Argyle,1,1,1,100.0,0.0,0.01,3466
South Australian Cricket Association,1,1,1,0.0,0.0,0.01,3467
Skyline Landscape Services,1,1,1,0.0,0.0,0.01,3468
State Medical Assistance,1,1,1,0.0,0.0,0.01,3469
ALS Limited,1,1,1,0.0,0.0,0.01,3470
YMCA of Brisbane,1,1,1,100.0,0.0,0.01,3471
MK Trading,1,1,1,0.0,0.0,0.01,3472
Northern Health,1,1,1,0.0,0.0,0.01,3473
Moriah College,1,1,1,0.0,0.0,0.01,3474
Glendenning Szoboszlay Architects,1,1,1,0.0,0.0,0.01,3475
Intel Engineering,1,1,1,0.0,0.0,0.01,3476
Zoetis Australia Research & Manufacturing Pty Ltd,1,1,1,0.0,0.0,0.01,3477
Back In Motion Health Group,1,1,1,0.0,0.0,0.01,3478
Nobul,1,1,1,100.0,0.0,0.01,3479
Recruitment Plus Limited,1,1,1,100.0,0.0,0.01,3480
Gewürzhaus Herb & Spice Merchants,1,1,1,0.0,0.0,0.01,3481
Perth Tax People,1,1,1,100.0,0.0,0.01,3482
Balenciaga Australia Pty Limited,1,1,1,0.0,0.0,0.01,3483
Ross Office Supplies,1,1,1,0.0,0.0,0.01,3484
Department of Primary Industries and Regional Development,1,1,1,100.0,0.0,0.01,3485
St Andrew's Cathedral School,1,1,1,0.0,0.0,0.01,3486
UWA Student Guild,1,1,1,0.0,0.0,0.01,3487
EACH,1,1,1,100.0,0.0,0.01,3488
APNIC,1,1,1,0.0,0.0,0.01,3489
TAL,1,1,1,0.0,0.0,0.01,3490
Pitcher Partners Sydney,1,1,1,0.0,0.0,0.01,3491
McElwaine Estate Agents,1,1,1,0.0,0.0,0.01,3492
William Adams Pty Ltd,1,1,1,0.0,0.0,0.01,3493
BrandX Talent Pty Ltd,1,1,1,0.0,0.0,0.01,3494
ALCENTRE GROUP PTY LTD,1,1,1,0.0,0.0,0.01,3495
Australia Five Star Winery Association,1,1,1,0.0,0.0,0.01,3496
The Royal Australian & NZ College of Psychiatrists,1,1,1,0.0,0.0,0.01,3497
Connect People Pty Ltd,1,1,1,0.0,0.0,0.01,3498
EQUIP Recruitment Ltd,1,1,1,0.0,0.0,0.01,3499
Highland Security Services,1,1,1,0.0,0.0,0.01,3500
St Francis Xavier College,1,1,1,0.0,0.0,0.01,3501
Anthony Casey Real Estate,1,1,1,0.0,0.0,0.01,3502
Winslow Constructors Pty Ltd,1,1,1,100.0,0.0,0.01,3503
Amelia Park Lodge,1,1,1,0.0,0.0,0.01,3504
Fitzpatricks Business Services Pty Limited,1,1,1,0.0,0.0,0.01,3505
Silver Star Motors and Mercedes-Benz Ringwood,1,1,1,0.0,0.0,0.01,3506
Pulse Recruitment,1,1,1,100.0,0.0,0.01,3507
GForce Recruitment Ltd,1,1,1,0.0,0.0,0.01,3508
St Joseph's College,1,1,1,0.0,0.0,0.01,3509
United Plumbing Drainage And Earthworks,1,1,1,0.0,0.0,0.01,3510
Wellard Early Learning Centre and OSHC/ Wellard Community Services,1,1,1,0.0,0.0,0.01,3511
Optimum Consulting Group,1,1,1,100.0,0.0,0.01,3512
Advanced Skin & Beauty Clinic,1,1,1,100.0,0.0,0.01,3513
Draeger,1,1,1,0.0,0.0,0.01,3514
HASSELL,1,1,1,100.0,0.0,0.01,3515
Fiona Watson Recruitment,1,1,1,0.0,0.0,0.01,3516
Lookahead Search,1,1,1,100.0,0.0,0.01,3517
Peoplefusion,1,1,1,0.0,0.0,0.01,3518
Davies Bakery,1,1,1,0.0,0.0,0.01,3519
VPRA AUS,1,1,1,0.0,0.0,0.01,3520
La Salle College,1,1,1,0.0,0.0,0.01,3521
New World Whisky Distillery Pty Ltd,1,1,1,0.0,0.0,0.01,3522
Hunter and Barrel,1,1,1,0.0,0.0,0.01,3523
Stamford Plaza Melbourne,1,1,1,0.0,0.0,0.01,3524
JD Sports,1,1,1,0.0,0.0,0.01,3525
GRANT CONSULTANTS PTY LTD,1,1,1,0.0,0.0,0.01,3526
EncoreNZ,1,1,1,0.0,0.0,0.01,3527
City of Port Adelaide Enfield,1,1,1,0.0,0.0,0.01,3528
CPM Australia,1,1,1,0.0,0.0,0.01,3529
Bidfood,1,1,1,0.0,0.0,0.01,3530
The Grounds of Alexandria,1,1,1,100.0,0.0,0.01,3531
SCANLON CONTRACTING,1,1,1,0.0,0.0,0.01,3532
CNC Project Management,1,1,1,0.0,0.0,0.01,3533
GVI Contracting Pty Ltd,1,1,1,0.0,0.0,0.01,3534
Montessori Academy,1,1,1,0.0,0.0,0.01,3535
Adelaide Football Club,1,1,1,0.0,0.0,0.01,3536
Sika Australia,1,1,1,0.0,0.0,0.01,3537
HE Parts Mining Solutions,1,1,1,0.0,0.0,0.01,3538
WA Gastro Services,1,1,1,100.0,0.0,0.01,3539
MATCHBOX Exchange Pty Ltd,1,1,1,100.0,0.0,0.01,3540
New South Wales Rugby League Ltd,1,1,1,0.0,0.0,0.01,3541
Mystery Management Pty Ltd,1,1,1,0.0,0.0,0.01,3542
ST VINCENT’S PRIVATE MELBOURNE,1,1,1,0.0,0.0,0.01,3543
Nautical Roofing,1,1,1,0.0,0.0,0.01,3544
Servian Pty Ltd,1,1,1,100.0,0.0,0.01,3545
Zippy Tie Man,1,1,1,0.0,0.0,0.01,3546
Frontline Hospitality SA & NT,1,1,1,100.0,0.0,0.01,3547
Tek-Ocean,1,1,1,0.0,0.0,0.01,3548
Hitachi Construction Machinery Pty Ltd,1,1,1,0.0,0.0,0.01,3549
Greenbank Pharmacy & Boronia Heights Pharmacy,1,1,1,0.0,0.0,0.01,3550
CHT Australia Pty Ltd,1,1,1,100.0,0.0,0.01,3551
Infinity Constructions Group Pty Ltd,1,1,1,0.0,0.0,0.01,3552
Grimshaw Architects,1,1,1,100.0,0.0,0.01,3553
Millennium Hi-Tech Group Pty Ltd,1,1,1,0.0,0.0,0.01,3554
Murrays Coaches,1,1,1,0.0,0.0,0.01,3555
Adelaide Fringe,1,1,1,0.0,0.0,0.01,3556
E CONNECT SOLAR & ELECTRICIAL PTY LTD,1,1,1,100.0,0.0,0.01,3557
Metro Recruitment Ltd,1,1,1,0.0,0.0,0.01,3558
Kapital Consulting,1,1,1,100.0,0.0,0.01,3559
Prince and Mercer,1,1,1,0.0,0.0,0.01,3560
Chamber of Minerals and Energy WA,1,1,1,0.0,0.0,0.01,3561
Simplot,1,1,1,100.0,0.0,0.01,3562
Trafalgar Fire Containment,1,1,1,0.0,0.0,0.01,3563
Hydro Tasmania,1,1,1,0.0,0.0,0.01,3564
Learn to Trade Pty Ltd,1,1,1,0.0,0.0,0.01,3565
Bailey Personnel Pty Ltd,1,1,1,0.0,0.0,0.01,3566
Child & Family Services Ballarat Inc,1,1,1,0.0,0.0,0.01,3567
3D Scaffolding,1,1,1,100.0,0.0,0.01,3568
Wolftech Electrical and Security,1,1,1,0.0,0.0,0.01,3569
Glaziers.com,1,1,1,100.0,0.0,0.01,3570
Spin Personnel,1,1,1,100.0,0.0,0.01,3571
Fossick Recruitment,1,1,1,100.0,0.0,0.01,3572
TOTAL SWISS AUSTRALIA,1,1,1,0.0,0.0,0.01,3573
Downer EDI Limited - MEI,1,1,1,0.0,0.0,0.01,3574
Noble Nurse Pty Ltd,1,1,1,100.0,0.0,0.01,3575
Fresh Hope Care,1,1,1,0.0,0.0,0.01,3576
Australian Agribusiness Group,1,1,1,100.0,0.0,0.01,3577
Flavour Creations,1,1,1,0.0,0.0,0.01,3578
San Churro,1,1,1,0.0,0.0,0.01,3579
Catholic Homes,1,1,1,100.0,0.0,0.01,3580
Chinese Community Social Services Centre Inc.,1,1,1,0.0,0.0,0.01,3581
Inspire Me Group,1,1,1,100.0,0.0,0.01,3582
Australian Centre for the Moving Image,1,1,1,100.0,0.0,0.01,3583
ANSON Executive,1,1,1,0.0,0.0,0.01,3584
Ultra Possibilities,1,1,1,0.0,0.0,0.01,3585
St Peter's Girls' School,1,1,1,0.0,0.0,0.01,3586
StreetSmart Australia,1,1,1,0.0,0.0,0.01,3587
Avant Mutual Group,1,1,1,0.0,0.0,0.01,3588
Traction Group P/L,1,1,1,100.0,0.0,0.01,3589
AFL Telecommunications Australia Pty Ltd,1,1,1,0.0,0.0,0.01,3590
Saint-Gobain,1,1,1,0.0,0.0,0.01,3591
TRAction Fintech pty ltd,1,1,1,0.0,0.0,0.01,3592
Beetroot Consulting Pty Ltd,1,1,1,100.0,0.0,0.01,3593
The Resitech Group,1,1,1,0.0,0.0,0.01,3594
Gaia Retreat & Spa,1,1,1,0.0,0.0,0.01,3595
DDH1 Drilling Pty Ltd,1,1,1,0.0,0.0,0.01,3596
Young Academics,1,1,1,0.0,0.0,0.01,3597
Associated Customs and Forwarding Services,1,1,1,0.0,0.0,0.01,3598
Vanderlande Industries Australia Pty Ltd,1,1,1,0.0,0.0,0.01,3599
"Australian Outdoor Living, Canberra",1,1,1,0.0,0.0,0.01,3600
Centacare North Queensland,1,1,1,0.0,0.0,0.01,3601
Canon,1,1,1,0.0,0.0,0.01,3602
Coach Store Australia Pty Limited,1,1,1,0.0,0.0,0.01,3603
AWF,1,1,1,0.0,0.0,0.01,3604
Arrow Group Pty Ltd,1,1,1,100.0,0.0,0.01,3605
Portelli Maintenance Management Pty Ltd,1,1,1,0.0,0.0,0.01,3606
ATF Services Pty Limited,1,1,1,0.0,0.0,0.01,3607
Goodman Fielder New Zealand Limited,1,1,1,0.0,0.0,0.01,3608
Argenta,1,1,1,0.0,0.0,0.01,3609
Amanda's Business Services,1,1,1,0.0,0.0,0.01,3610
Opmantek,1,1,1,0.0,0.0,0.01,3611
Medical One Services Pty Ltd,1,1,1,100.0,0.0,0.01,3612
Estee Lauder Ltd,1,1,1,0.0,0.0,0.01,3613
Electrix Ltd,1,1,1,0.0,0.0,0.01,3614
Frozen Fresh,1,1,1,0.0,0.0,0.01,3615
Plantrite,1,1,1,100.0,0.0,0.01,3616
CommuniCorp Group,1,1,1,0.0,0.0,0.01,3617
Rutledge AV,1,1,1,0.0,0.0,0.01,3618
WME,1,1,1,0.0,0.0,0.01,3619
Calvary South Australia,1,1,1,0.0,0.0,0.01,3620
LMCRX Holdings,1,1,1,0.0,0.0,0.01,3621
Duntroon Community Centre,1,1,1,0.0,0.0,0.01,3622
Southern Steel Group,1,1,1,0.0,0.0,0.01,3623
Smith&Smith,1,1,1,0.0,0.0,0.01,3624
Orthopaedics 360,1,1,1,100.0,0.0,0.01,3625
BaptistCare NSW & ACT,1,1,1,0.0,0.0,0.01,3626
Cold Flow Air Conditioning,1,1,1,0.0,0.0,0.01,3627
ORIX Australia Corporation Limited,1,1,1,0.0,0.0,0.01,3628
Esperance Physiotherapy,1,1,1,100.0,0.0,0.01,3629
Vita Group Limited,1,1,1,100.0,0.0,0.01,3630
Cannvalate,1,1,1,100.0,0.0,0.01,3631
Hays Sales,1,1,1,0.0,0.0,0.01,3632
Launic Motor Group,1,1,1,0.0,0.0,0.01,3633
Kiwibank,1,1,1,0.0,0.0,0.01,3634
Department of Justice and Community Safety,1,1,1,100.0,0.0,0.01,3635
Supply Solutions,1,1,1,100.0,0.0,0.01,3636
Tecala Group Pty Limited,1,1,1,0.0,0.0,0.01,3637
Canberra Consulting,1,1,1,0.0,0.0,0.01,3638
Cure Cancer Australia,1,1,1,0.0,0.0,0.01,3639
Opera Australia,1,1,1,0.0,0.0,0.01,3640
LUCAS Restaurants,1,1,1,0.0,0.0,0.01,3641
Azoogi Pty Ltd,1,1,1,0.0,0.0,0.01,3642
Star Business Investments,1,1,1,0.0,0.0,0.01,3643
Urban Fences and Gates,1,1,1,100.0,0.0,0.01,3644
Heritage Travel Services (2018) Limited,1,1,1,0.0,0.0,0.01,3645
Bush Heritage Australia,1,1,1,0.0,0.0,0.01,3646
IMEA Group,1,1,1,0.0,0.0,0.01,3647
A. F. Gason P/L,1,1,1,100.0,0.0,0.01,3648
Export Finance Australia,1,1,1,0.0,0.0,0.01,3649
Fuji Xerox Australia Pty Ltd,1,1,1,100.0,0.0,0.01,3650
Wettenhalls,1,1,1,0.0,0.0,0.01,3651
Competitive Services,1,1,1,0.0,0.0,0.01,3652
Rocky Bay Inc,1,1,1,0.0,0.0,0.01,3653
CPE Landscaping,1,1,1,0.0,0.0,0.01,3654
SSP Australia Catering Pty Limited,1,1,1,0.0,0.0,0.01,3655
Veriu Group,1,1,1,100.0,0.0,0.01,3656
Smartcorp,1,1,1,0.0,0.0,0.01,3657
Holcim,1,1,1,0.0,0.0,0.01,3658
Wipro Limited,1,1,1,0.0,0.0,0.01,3659
Glowing Rooms,1,1,1,100.0,0.0,0.01,3660
Eye For Recruitment Pty Ltd,1,1,1,100.0,0.0,0.01,3661
Centurion,1,1,1,0.0,0.0,0.01,3662
CKDS Architecture,1,1,1,0.0,0.0,0.01,3663
John Pearson Consulting Group,1,1,1,0.0,0.0,0.01,3664
TShopBiz Pty Ltd,1,1,1,100.0,0.0,0.01,3665
Infinitas Talent,1,1,1,0.0,0.0,0.01,3666
TalentWeb Consulting,1,1,1,100.0,0.0,0.01,3667
Humm Pty Ltd,1,1,1,0.0,0.0,0.01,3668
Moreton Bay Boys College,1,1,1,0.0,0.0,0.01,3669
New Zealand Police,1,1,1,0.0,0.0,0.01,3670
Brand Solutions Australia,1,1,1,0.0,0.0,0.01,3671
UPS Pty Ltd,1,1,1,0.0,0.0,0.01,3672
EastCoast HR Group,1,1,1,0.0,0.0,0.01,3673
Nationwide Towing & Transport,1,1,1,0.0,0.0,0.01,3674
UnionPay International,1,1,1,0.0,0.0,0.01,3675
The Compounding Pharmacy Australia,1,1,1,0.0,0.0,0.01,3676
Glasshouse Christian College,1,1,1,0.0,0.0,0.01,3677
AER Group Ltd,1,1,1,100.0,0.0,0.01,3678
VetPrep Australia,1,1,1,0.0,0.0,0.01,3679
The French Beauty Academy,1,1,1,0.0,0.0,0.01,3680
Prime Recruitment,1,1,1,0.0,0.0,0.01,3681
Areal Property,1,1,1,0.0,0.0,0.01,3682
Energy Super,1,1,1,0.0,0.0,0.01,3683
ART SERIES HOTELS,1,1,1,0.0,0.0,0.01,3684
Challenger Services Group,1,1,1,0.0,0.0,0.01,3685
Cosmic NZ,1,1,1,0.0,0.0,0.01,3686
Royal Children's Hospital Foundation Melbourne,1,1,1,0.0,0.0,0.01,3687
Facilities First Australia,1,1,1,100.0,0.0,0.01,3688
McNab Constructions Australia Pty Ltd,1,1,1,0.0,0.0,0.01,3689
Concept Laser Co,1,1,1,100.0,0.0,0.01,3690
Brisbane Girls Grammar School,1,1,1,0.0,0.0,0.01,3691
Karara Mining Limited,1,1,1,100.0,0.0,0.01,3692
Supernormal,1,1,1,0.0,0.0,0.01,3693
Clintons Toyota,1,1,1,0.0,0.0,0.01,3694
Pulse Electrical,1,1,1,0.0,0.0,0.01,3695
Queensland Computers,1,1,1,0.0,0.0,0.01,3696
Davies Stewart Recruitment & HR,1,1,1,100.0,0.0,0.01,3697
SpeeDx Pty Ltd,1,1,1,0.0,0.0,0.01,3698
Lifestyle Constructions NQ Pty Ltd,1,1,1,0.0,0.0,0.01,3699
Life Activities Clubs Victoria,1,1,1,100.0,0.0,0.01,3700
The Black Truffle,1,1,1,0.0,0.0,0.01,3701
The Oldmac Group,1,1,1,0.0,0.0,0.01,3702
Gumleigh Gardens Hostel,1,1,1,0.0,0.0,0.01,3703
Spear & Jackson,1,1,1,0.0,0.0,0.01,3704
Summerhill Maintenance Services,1,1,1,0.0,0.0,0.01,3705
Hire Force,1,1,1,100.0,0.0,0.01,3706
NBN TM Australia,1,1,1,0.0,0.0,0.01,3707
intelliHUB,1,1,1,0.0,0.0,0.01,3708
Appstablishment Software Development Pty Ltd,1,1,1,0.0,0.0,0.01,3709
BlueFit Pty Ltd,1,1,1,0.0,0.0,0.01,3710
Nanosonics Limited,1,1,1,0.0,0.0,0.01,3711
Geo-Logix Pty Ltd,1,1,1,0.0,0.0,0.01,3712
Rydges Darwin Central,1,1,1,0.0,0.0,0.01,3713
Yell IT,1,1,1,0.0,0.0,0.01,3714
Relationships Australia Tasmania,1,1,1,0.0,0.0,0.01,3715
torqit / humex,1,1,1,0.0,0.0,0.01,3716
ebroker.com.au pty ltd,1,1,1,0.0,0.0,0.01,3717
Novotel Sydney International Airport,1,1,1,0.0,0.0,0.01,3718
BePure Health,1,1,1,0.0,0.0,0.01,3719
Progressive,1,1,1,100.0,0.0,0.01,3720
Hugo Boss Australia Pty. Ltd.,1,1,1,100.0,0.0,0.01,3721
City of Karratha,1,1,1,0.0,0.0,0.01,3722
Capalaba Day and Night Pharmacy,1,1,1,0.0,0.0,0.01,3723
Talon Recruitment Solutions Pty Ltd,1,1,1,100.0,0.0,0.01,3724
Barnardos,1,1,1,100.0,0.0,0.01,3725
Down to Earth Training and Assessing,1,1,1,0.0,0.0,0.01,3726
Grant's Estate Agents,1,1,1,0.0,0.0,0.01,3727
Stone and Chalk,1,1,1,0.0,0.0,0.01,3728
Sense Recruitment,1,1,1,0.0,0.0,0.01,3729
Richmond Wellbeing,1,1,1,0.0,0.0,0.01,3730
BOQ Specialist Bank Ltd,1,1,1,100.0,0.0,0.01,3731
Archway Recruitment,1,1,1,0.0,0.0,0.01,3732
McCain Foods (Aust) Pty Ltd,1,1,1,0.0,0.0,0.01,3733
Food Industry People Group,1,1,1,100.0,0.0,0.01,3734
Luna Park Sydney,1,1,1,0.0,0.0,0.01,3735
TDG,1,1,1,100.0,0.0,0.01,3736
Aspire2,1,1,1,0.0,0.0,0.01,3737
HELP Hospitality Talent Solutions,1,1,1,100.0,0.0,0.01,3738
OnTheGo Services Pty Ltd,1,1,1,100.0,0.0,0.01,3739
1825 Interiors,1,1,1,0.0,0.0,0.01,3740
Synergy People,1,1,1,0.0,0.0,0.01,3741
Lindsay Australia Limited,1,1,1,100.0,0.0,0.01,3742
TrailHopper,1,1,1,0.0,0.0,0.01,3743
S D Pilkington Constructions,1,1,1,0.0,0.0,0.01,3744
St Kilda Venues,1,1,1,0.0,0.0,0.01,3745
COLAS Australia Pty Ltd,1,1,1,0.0,0.0,0.01,3746
The Reject Shop,1,1,1,0.0,0.0,0.01,3747
Oneglass Pty Ltd,1,1,1,0.0,0.0,0.01,3748
Prosegur Australia Pty. Ltd.,1,1,1,0.0,0.0,0.01,3749
MTC Australia,1,1,1,0.0,0.0,0.01,3750
Farm2market,1,1,1,0.0,0.0,0.01,3751
Kooyong Lawn Tennis Club,1,1,1,0.0,0.0,0.01,3752
Imperium Capital Group Pty Ltd,1,1,1,0.0,0.0,0.01,3753
RALAC,1,1,1,0.0,0.0,0.01,3754
Wynstan – Blinds Doors Shutters Awnings,1,1,1,0.0,0.0,0.01,3755
d'Albora Marinas,1,1,1,0.0,0.0,0.01,3756
Pearsons Florist Pty Ltd,1,1,1,0.0,0.0,0.01,3757
Clicks IT Recruitment (VIC),1,1,1,0.0,0.0,0.01,3758
LARA dental,1,1,1,0.0,0.0,0.01,3759
NCI Packaging,1,1,1,0.0,0.0,0.01,3760
Leading Edge Energy,1,1,1,100.0,0.0,0.01,3761
Quantium,1,1,1,0.0,0.0,0.01,3762
Whipper Recruitment,1,1,1,0.0,0.0,0.01,3763
Sunshine Coast Airport Pty Ltd,1,1,1,0.0,0.0,0.01,3764
Maclen Landscape Maintenance,1,1,1,0.0,0.0,0.01,3765
Ronald McDonald House Charities Victoria  & Tasmania,1,1,1,100.0,0.0,0.01,3766
Iris Hotel Group,1,1,1,0.0,0.0,0.01,3767
Experience Co Ltd.,1,1,1,0.0,0.0,0.01,3768
CoreStaff Tasmania,1,1,1,0.0,0.0,0.01,3769
Jamala Wildlife Lodge,1,1,1,0.0,0.0,0.01,3770
Santel International,1,1,1,0.0,0.0,0.01,3771
HiTech Personnel,1,1,1,0.0,0.0,0.01,3772
Pinnacle Investment Management,1,1,1,0.0,0.0,0.01,3773
Skills & Jobs Australia,1,1,1,0.0,0.0,0.01,3774
LS Global,1,1,1,0.0,0.0,0.01,3775
Merlo Coffee Pty Ltd,1,1,1,0.0,0.0,0.01,3776
Narellan Pools Townsville,1,1,1,100.0,0.0,0.01,3777
Matrix Solutions,1,1,1,0.0,0.0,0.01,3778
Alpha Lend,1,1,1,0.0,0.0,0.01,3779
The iQ Group Global,1,1,1,0.0,0.0,0.01,3780
Castle Hill Medical Centre,1,1,1,0.0,0.0,0.01,3781
Fremantle Dockers,1,1,1,0.0,0.0,0.01,3782
Ridley Corporation,1,1,1,0.0,0.0,0.01,3783
Christopher McMahon Quality Eye Care,1,1,1,0.0,0.0,0.01,3784
CancerCare WA,1,1,1,0.0,0.0,0.01,3785
HRMatrix Pty Ltd,1,1,1,0.0,0.0,0.01,3786
Ray White Carrum Downs,1,1,1,100.0,0.0,0.01,3787
Customcare Compounding  Pharmacy,1,1,1,0.0,0.0,0.01,3788
Australian Hammer Supplies Hire Pty Ltd,1,1,1,0.0,0.0,0.01,3789
Trojan Systems P/L,1,1,1,0.0,0.0,0.01,3790
Mineral Resources Limited,1,1,1,100.0,0.0,0.01,3791
Fair Go Finance,1,1,1,0.0,0.0,0.01,3792
Peter Morrell Real Estate,1,1,1,0.0,0.0,0.01,3793
Mentone Girls' Grammar School,1,1,1,0.0,0.0,0.01,3794
Concord Tax,1,1,1,0.0,0.0,0.01,3795
Murdoch University,1,1,1,100.0,0.0,0.01,3796
Syneos Health,1,1,1,0.0,0.0,0.01,3797
Travelex Ltd,1,1,1,0.0,0.0,0.01,3798
EdConnect Australia,1,1,1,100.0,0.0,0.01,3799
VCFO Group Ltd,1,1,1,0.0,0.0,0.01,3800
Murdoch Childrens Research Institute,1,1,1,100.0,0.0,0.01,3801
Kitchen and Bathroom Warehouse,1,1,1,0.0,0.0,0.01,3802
Supple,1,1,1,0.0,0.0,0.01,3803
Department of Premier And Cabinet,1,1,1,100.0,0.0,0.01,3804
Katoomba Foods,1,1,1,0.0,0.0,0.01,3805
Mitchell Shire Council,1,1,1,100.0,0.0,0.01,3806
ELMO Software Limited,1,1,1,0.0,0.0,0.01,3807
The Market Grocer Pty Ltd,1,1,1,0.0,0.0,0.01,3808
EROAD Limited,1,1,1,0.0,0.0,0.01,3809
Annalect,1,1,1,0.0,0.0,0.01,3810
Annie North Inc,1,1,1,0.0,0.0,0.01,3811
Prolac Painting Management,1,1,1,0.0,0.0,0.01,3812
ACSO,1,1,1,0.0,0.0,0.01,3813
Whites Group Pty Ltd,1,1,1,0.0,0.0,0.01,3814
LJ Hooker Mirrabooka,1,1,1,0.0,0.0,0.01,3815
Window Treatments NZ Ltd,1,1,1,0.0,0.0,0.01,3816
SYDNEY OPERA HOUSE,1,1,1,100.0,0.0,0.01,3817
Carnival Australia,1,1,1,0.0,0.0,0.01,3818
The Lime Catering Group,1,1,1,100.0,0.0,0.01,3819
Carejobz - Experts in Aged Care & Nursing Recruitment,1,1,1,100.0,0.0,0.01,3820
St John Ambulance,1,1,1,100.0,0.0,0.01,3821
TransferWise,1,1,1,0.0,0.0,0.01,3822
International Convention Centre Sydney,1,1,1,100.0,0.0,0.01,3823
Openpay Pty Ltd,1,1,1,0.0,0.0,0.01,3824
Gasmak Motor Group,1,1,1,0.0,0.0,0.01,3825
Institute of Managers and Leaders,1,1,1,0.0,0.0,0.01,3826
Morris Dental,1,1,1,0.0,0.0,0.01,3827
Focal Attractions,1,1,1,0.0,0.0,0.01,3828
SMEC,1,1,1,0.0,0.0,0.01,3829
Oriental Teahouse,1,1,1,100.0,0.0,0.01,3830
Communicare Inc,1,1,1,100.0,0.0,0.01,3831
Mackay Trophy House,1,1,1,100.0,0.0,0.01,3832
Kip McGrath Education Centres,1,1,1,100.0,0.0,0.01,3833
FIT College,1,1,1,0.0,0.0,0.01,3834
Hardy Aviation,1,1,1,0.0,0.0,0.01,3835
Australian Digital Health Agency,1,1,1,100.0,0.0,0.01,3836
BD Richardson Transport,1,1,1,0.0,0.0,0.01,3837
Vivo Hair & Skin Clinic,1,1,1,0.0,0.0,0.01,3838
City of Sydney,1,1,1,100.0,0.0,0.01,3839
Mullins,1,1,1,0.0,0.0,0.01,3840
Umbrellar,1,1,1,0.0,0.0,0.01,3841
Riverina is Recruiting,1,1,1,0.0,0.0,0.01,3842
Carter Holt Harvey,1,1,1,0.0,0.0,0.01,3843
Actual Care Australia Disability Service,1,1,1,100.0,0.0,0.01,3844
Axis Plumbing,1,1,1,0.0,0.0,0.01,3845
Specsavers Richmond,1,1,1,100.0,0.0,0.01,3846
Christie James Recruitment,1,1,1,0.0,0.0,0.01,3847
Residency by Dillons,1,1,1,0.0,0.0,0.01,3848
Wintringham Specialist Aged Care,1,1,1,100.0,0.0,0.01,3849
Webjet,1,1,1,0.0,0.0,0.01,3850
Veken Australia,1,1,1,0.0,0.0,0.01,3851
Crusader Hose Pty Ltd,1,1,1,100.0,0.0,0.01,3852
ResMed,1,1,1,100.0,0.0,0.01,3853
Great Earth,1,1,1,0.0,0.0,0.01,3854
World of Tiles,1,1,1,0.0,0.0,0.01,3855
Strata and Co,1,1,1,0.0,0.0,0.01,3856
Lexus,1,1,1,0.0,0.0,0.01,3857
Reclink Australia,1,1,1,100.0,0.0,0.01,3858
ONCALL Group,1,1,1,0.0,0.0,0.01,3859
Lewis Leisure Pty Limited,1,1,1,100.0,0.0,0.01,3860
UGM Diesel Services Pty,1,1,1,0.0,0.0,0.01,3861
Weldex Oceania Pty Ltd,1,1,1,100.0,0.0,0.01,3862
Department of Child Safety Youth and Women,1,1,1,0.0,0.0,0.01,3863
ARG Workforce - Industrial,1,1,1,0.0,0.0,0.01,3864
Grill’d Healthy Burgers,1,1,1,0.0,0.0,0.01,3865
Vix Technology Aust Pty Ltd,1,1,1,0.0,0.0,0.01,3866
Active Traffic Management P/L,1,1,1,0.0,0.0,0.01,3867
Benino Fine Foods,1,1,1,0.0,0.0,0.01,3868
Regent Motors,1,1,1,0.0,0.0,0.01,3869
SKYE GROUP PTY LIMITED,1,1,1,0.0,0.0,0.01,3870
Allure Retail,1,1,1,0.0,0.0,0.01,3871
Action Realtors,1,1,1,0.0,0.0,0.01,3872
Just Careers,1,1,1,0.0,0.0,0.01,3873
Baxters Pty Ltd,1,1,1,0.0,0.0,0.01,3874
iterate,1,1,1,100.0,0.0,0.01,3875
Qatar Airways,1,1,1,0.0,0.0,0.01,3876
Muswellbrook Shire Council,1,1,1,100.0,0.0,0.01,3877
Bakers Delight Holdings,1,1,1,0.0,0.0,0.01,3878
bedshed hawthorn,1,1,1,100.0,0.0,0.01,3879
Gateway Bank Ltd,1,1,1,0.0,0.0,0.01,3880
ACHE,1,1,1,0.0,0.0,0.01,3881
ONSITE READYMIX CONCRETE LIMITED,1,1,1,0.0,0.0,0.01,3882
Powerforce,1,1,1,0.0,0.0,0.01,3883
Brightwater,1,1,1,0.0,0.0,0.01,3884
Bayldon Group Pty Ltd,1,1,1,0.0,0.0,0.01,3885
Soulfresh Pty Ltd,1,1,1,0.0,0.0,0.01,3886
Advanced Dental Artistry Perth,1,1,1,100.0,0.0,0.01,3887
Front-line Resources Management P/L,1,1,1,100.0,0.0,0.01,3888
Galaxy 2014 Pty Ltd,1,1,1,0.0,0.0,0.01,3889
Fernway Partners,1,1,1,0.0,0.0,0.01,3890
Wantirna Club,1,1,1,0.0,0.0,0.01,3891
Claim Central,1,1,1,0.0,0.0,0.01,3892
Raging Waters,1,1,1,0.0,0.0,0.01,3893
Cumberland Council,1,1,1,0.0,0.0,0.01,3894
My Muscle Chef Pty Ltd,1,1,1,100.0,0.0,0.01,3895
Brotherhood of St Laurence,1,1,1,0.0,0.0,0.01,3896
ISACORP Limited,1,1,1,0.0,0.0,0.01,3897
EstimateOne,1,1,1,0.0,0.0,0.01,3898
Grand Prix Mazda,1,1,1,0.0,0.0,0.01,3899
ProMedical NSW,1,1,1,0.0,0.0,0.01,3900
Service Stream,1,1,1,0.0,0.0,0.01,3901
ADesignStudio,1,1,1,0.0,0.0,0.01,3902
Little Albion,1,1,1,0.0,0.0,0.01,3903
The Walt Disney Company (Australia) Pty Ltd,1,1,1,0.0,0.0,0.01,3904
Defence Force Recruiting Western Region,1,1,1,100.0,0.0,0.01,3905
SMOKE ALARMS AUSTRALIA,1,1,1,100.0,0.0,0.01,3906
Thejo Australia Pty Ltd,1,1,1,0.0,0.0,0.01,3907
Merriwa Industries,1,1,1,0.0,0.0,0.01,3908
Mars Australia,1,1,1,0.0,0.0,0.01,3909
LIDCO CORPORATION PTY LTD,1,1,1,100.0,0.0,0.01,3910
Super Performance Promotions Pty Ltd,1,1,1,100.0,0.0,0.01,3911
Armadillo&Co,1,1,1,0.0,0.0,0.01,3912
Ribtex International Pty Ltd,1,1,1,100.0,0.0,0.01,3913
Crest Personnel Pty Ltd,1,1,1,0.0,0.0,0.01,3914
Reggio Emilia Early Learning Centre,1,1,1,0.0,0.0,0.01,3915
Naturally Now,1,1,1,0.0,0.0,0.01,3916
Free Solar,1,1,1,100.0,0.0,0.01,3917
Elders Limited,1,1,1,100.0,0.0,0.01,3918
Liberty Financial,1,1,1,0.0,0.0,0.01,3919
Indigenous Allied Health Australia (IAHA,1,1,1,100.0,0.0,0.01,3920
Buckmaster Hawkey,1,1,1,100.0,0.0,0.01,3921
Orica,1,1,1,0.0,0.0,0.01,3922
Rotorlift Aviation,1,1,1,0.0,0.0,0.01,3923
Corrosion Control Engineering,1,1,1,0.0,0.0,0.01,3924
KOTRA Australia,1,1,1,0.0,0.0,0.01,3925
Agoge Recruitment,1,1,1,0.0,0.0,0.01,3926
P W Saddingtons,1,1,1,0.0,0.0,0.01,3927
Spark Hire,1,1,1,100.0,0.0,0.01,3928
Radisson Blu Plaza Hotel Sydney,1,1,1,0.0,0.0,0.01,3929
Agem Property Group,1,1,1,0.0,0.0,0.01,3930
LUINA BIO PTY LTD,1,1,1,0.0,0.0,0.01,3931
ASUS,1,1,1,0.0,0.0,0.01,3932
Double D Products Australia,1,1,1,100.0,0.0,0.01,3933
EROMA Wholesale Pty Ltd,1,1,1,0.0,0.0,0.01,3934
Archie Rose Distilling Co.,1,1,1,0.0,0.0,0.01,3935
AngloGold Ashanti,1,1,1,0.0,0.0,0.01,3936
Butterbing Cookie Sandwiches,1,1,1,100.0,0.0,0.01,3937
Automotive Recruitment Australia,1,1,1,0.0,0.0,0.01,3938
Chapel Corner Tyres,1,1,1,100.0,0.0,0.01,3939
Jardan Australia Pty Ltd,1,1,1,0.0,0.0,0.01,3940
industracom.com,1,1,1,100.0,0.0,0.01,3941
MyCombo,1,1,1,100.0,0.0,0.01,3942
Work & Training Ltd,1,1,1,0.0,0.0,0.01,3943
Ozbuild Materials,1,1,1,0.0,0.0,0.01,3944
MVP Print Pty Ltd,1,1,1,0.0,0.0,0.01,3945
bikes only transport,1,1,1,100.0,0.0,0.01,3946
Ray White House Team,1,1,1,0.0,0.0,0.01,3947
Precise Logistics,1,1,1,0.0,0.0,0.01,3948
Bevi Espresso,1,1,1,0.0,0.0,0.01,3949
Van Haandel Group Pty Ltd,1,1,1,0.0,0.0,0.01,3950
ACOS Personnel,1,1,1,100.0,0.0,0.01,3951
Plumbing World,1,1,1,0.0,0.0,0.01,3952
Network Recruitment Group,1,1,1,0.0,0.0,0.01,3953
HYD Advisory Pty Limited,1,1,1,0.0,0.0,0.01,3954
Hally Labels Ltd,1,1,1,0.0,0.0,0.01,3955
Uniting Talent Pty Ltd,1,1,1,0.0,0.0,0.01,3956
Guardia Risk,1,1,1,0.0,0.0,0.01,3957
Frankston City Council,1,1,1,100.0,0.0,0.01,3958
Matthew Flinders Anglican College,1,1,1,0.0,0.0,0.01,3959
Box Hill Institute,1,1,1,0.0,0.0,0.01,3960
Trans Nrg Pty Ltd,1,1,1,0.0,0.0,0.01,3961
Department of State Development Manufacturing Infrastructure & Planning,1,1,1,100.0,0.0,0.01,3962
AAH Contracting Pty Ltd,1,1,1,100.0,0.0,0.01,3963
F & J ATTARD & SONS,1,1,1,0.0,0.0,0.01,3964
Maddington and Canning Vale Toyota,1,1,1,0.0,0.0,0.01,3965
Premier People PTY LTD,1,1,1,0.0,0.0,0.01,3966
Frontline Retail Melbourne,1,1,1,100.0,0.0,0.01,3967
Presentation Studio,1,1,1,0.0,0.0,0.01,3968
SalesHQ Pty Ltd,1,1,1,100.0,0.0,0.01,3969
Singapore Airlines Pty Ltd,1,1,1,100.0,0.0,0.01,3970
Australian Security Intelligence Organisation,1,1,1,100.0,0.0,0.01,3971
Skillinvest,1,1,1,0.0,0.0,0.01,3972
Smile Direct Club,1,1,1,0.0,0.0,0.01,3973
TLC Healthcare,1,1,1,0.0,0.0,0.01,3974
Hedley Scott Recruitment,1,1,1,100.0,0.0,0.01,3975
Murray Pest Control,1,1,1,0.0,0.0,0.01,3976
Techware Corporation,1,1,1,100.0,0.0,0.01,3977
WEB BIRD DIGITAL,1,1,1,0.0,0.0,0.01,3978
Palram Australia,1,1,1,0.0,0.0,0.01,3979
MDB Landscaping Design & Construction,1,1,1,100.0,0.0,0.01,3980
Bose,1,1,1,0.0,0.0,0.01,3981
City of Perth,1,1,1,0.0,0.0,0.01,3982
Inview Consulting Pty Limited,1,1,1,100.0,0.0,0.01,3983
Victoria Furniture (Vic) P/L,1,1,1,0.0,0.0,0.01,3984
Rise Network Inc.,1,1,1,0.0,0.0,0.01,3985
Foundation Education Pty. Ltd.,1,1,1,0.0,0.0,0.01,3986
HRM CONTRACTING AND CONSULTING,1,1,1,100.0,0.0,0.01,3987
Old Young’s Distillery,1,1,1,0.0,0.0,0.01,3988
Dr Omid Zarghom,1,1,1,100.0,0.0,0.01,3989
Topdrive Drillers Australia,1,1,1,0.0,0.0,0.01,3990
Department of Health - Queensland,1,1,1,100.0,0.0,0.01,3991
ACCIONA Geotech,1,1,1,0.0,0.0,0.01,3992
Dale Alcock Homes,1,1,1,0.0,0.0,0.01,3993
Banjo's Corporation Pty Ltd,1,1,1,0.0,0.0,0.01,3994
Gold Fields Australia Pty Limited,1,1,1,0.0,0.0,0.01,3995
Fitzgerald Jenkins Recruitment,1,1,1,0.0,0.0,0.01,3996
Corrections Victoria,1,1,1,100.0,0.0,0.01,3997
Scope (Aust) Ltd,1,1,1,0.0,0.0,0.01,3998
OzChild,1,1,1,100.0,0.0,0.01,3999
TLH Group Holdings,1,1,1,0.0,0.0,0.01,4000
helloworld Travel Carindale,1,1,1,100.0,0.0,0.01,4001
Wood&Co Real Estate,1,1,1,100.0,0.0,0.01,4002
Trinity Care,1,1,1,0.0,0.0,0.01,4003
Claytons Admin,1,1,1,0.0,0.0,0.01,4004
HHH Partners,1,1,1,0.0,0.0,0.01,4005
Darlinghurst Dermatology Skin and laser Clinic,1,1,1,0.0,0.0,0.01,4006
Think Talent Pty Ltd,1,1,1,0.0,0.0,0.01,4007
Myofunction Remedial & Sports Therapy,1,1,1,100.0,0.0,0.01,4008
Pursuit Real Estate,1,1,1,100.0,0.0,0.01,4009
Kordia,1,1,1,0.0,0.0,0.01,4010
Employment Hero,1,1,1,0.0,0.0,0.01,4011
Coreserve Australia Pty Ltd,1,1,1,100.0,0.0,0.01,4012
Insulation Ez,1,1,1,0.0,0.0,0.01,4013
Ray White Byron Bay,1,1,1,0.0,0.0,0.01,4014
JA Mortgages Limited,1,1,1,100.0,0.0,0.01,4015
AYAN INFOTECH PTY LTD,1,1,1,100.0,0.0,0.01,4016
TSA Group Pty Ltd,1,1,1,100.0,0.0,0.01,4017
Greenlit Logistics and Manufacturing,1,1,1,0.0,0.0,0.01,4018
Smiths City Southern Ltd,1,1,1,100.0,0.0,0.01,4019
Brunel,1,1,1,100.0,0.0,0.01,4020
Temp Talent,1,1,1,100.0,0.0,0.01,4021
MSP Group of Companies,1,1,1,0.0,0.0,0.01,4022
TANK STREAM DESIGN PTY LTD,1,1,1,0.0,0.0,0.01,4023
Charles Darwin University,1,1,1,100.0,0.0,0.01,4024
Diamond Valley Hiring Services Pty Ltd,1,1,1,0.0,0.0,0.01,4025
Esri Australia Pty Ltd,1,1,1,0.0,0.0,0.01,4026
Port Group,1,1,1,0.0,0.0,0.01,4027
Renewal SA,1,1,1,0.0,0.0,0.01,4028
On The Ball Personnel,1,1,1,100.0,0.0,0.01,4029
Commonwealth Bank - Institutional Banking & Markets,1,1,1,0.0,0.0,0.01,4030
Waikato Regional Council,1,1,1,0.0,0.0,0.01,4031
Mackay Hospital and Health Service,1,1,1,0.0,0.0,0.01,4032
Aussie Home Loans,1,1,1,100.0,0.0,0.01,4033
My FootDr Podiatry Centres,1,1,1,0.0,0.0,0.01,4034
Lancaster Motor Group,1,1,1,0.0,0.0,0.01,4035
Jo Traikos Pty Ltd,1,1,1,0.0,0.0,0.01,4036
Heartbeat Community,1,1,1,0.0,0.0,0.01,4037
Frucor Suntory,1,1,1,100.0,0.0,0.01,4038
Coco Republic,1,1,1,0.0,0.0,0.01,4039
Edge of the Bay Resort,1,1,1,0.0,0.0,0.01,4040
RUS Mining Services Pty Ltd,1,1,1,0.0,0.0,0.01,4041
Baytech,1,1,1,0.0,0.0,0.01,4042
Home Instead Senior Care - Central Coast & Newcastle,1,1,1,0.0,0.0,0.01,4043
back in strength,1,1,1,0.0,0.0,0.01,4044
French Garden Cafe,1,1,1,100.0,0.0,0.01,4045
FlexiStaff,1,1,1,0.0,0.0,0.01,4046
Warner Group,1,1,1,0.0,0.0,0.01,4047
Process Engineering Technologies Pty Ltd,1,1,1,0.0,0.0,0.01,4048
Seqirus,1,1,1,0.0,0.0,0.01,4049
Smove Sydney Pty Ltd,1,1,1,100.0,0.0,0.01,4050
Recognition PR P/L,1,1,1,0.0,0.0,0.01,4051
Marley Spoon,1,1,1,0.0,0.0,0.01,4052
Tile Factory Outlet,1,1,1,100.0,0.0,0.01,4053
Ciber global,1,1,1,0.0,0.0,0.01,4054
Windana: Drug and Alcohol Recovery Inc.,1,1,1,0.0,0.0,0.01,4055
AB Dental & Medical Employment Agency,1,1,1,100.0,0.0,0.01,4056
Volt Bank Limited,1,1,1,0.0,0.0,0.01,4057
The Boys Brigade in New Zealand,1,1,1,0.0,0.0,0.01,4058
Arches Accommodation Supports,1,1,1,100.0,0.0,0.01,4059
K.H. Equipment Pty Ltd,1,1,1,0.0,0.0,0.01,4060
Mimco,1,1,1,100.0,0.0,0.01,4061
Bell People,1,1,1,0.0,0.0,0.01,4062
Aspire2 Wealth Advisers,1,1,1,0.0,0.0,0.01,4063
Hotelbeds Pte. Ltd.,1,1,1,100.0,0.0,0.01,4064
Ramsay Health Care,1,1,1,0.0,0.0,0.01,4065
NZ Sustainable Meats Limited,1,1,1,0.0,0.0,0.01,4066
Abbertons Human Resources,1,1,1,0.0,0.0,0.01,4067
Ullrich Aluminium,1,1,1,0.0,0.0,0.01,4068
VisionSA,1,1,1,100.0,0.0,0.01,4069
Xenontech Pty Ltd,1,1,1,100.0,0.0,0.01,4070
Prestige Honda,1,1,1,0.0,0.0,0.01,4071
Medium Rare Content Agency,1,1,1,0.0,0.0,0.01,4072
Melbourne City Mission,1,1,1,0.0,0.0,0.01,4073
Nitto Kohki Australia Pty Ltd,1,1,1,0.0,0.0,0.01,4074
Vert Industries Pty Ltd,1,1,1,0.0,0.0,0.01,4075
Access Community Services Limited,1,1,1,0.0,0.0,0.01,4076
Professionals Granger Clark,1,1,1,0.0,0.0,0.01,4077
ICM Airport Technics,1,1,1,0.0,0.0,0.01,4078
Aldesta Hotel (Australia) Pty Ltd,1,1,1,0.0,0.0,0.01,4079
Controller and Auditor-General,1,1,1,0.0,0.0,0.01,4080
Hazell Bros Group,1,1,1,0.0,0.0,0.01,4081
Organic Pest Control,1,1,1,100.0,0.0,0.01,4082
Jigsaw Corporation Pty Ltd,1,1,1,100.0,0.0,0.01,4083
LegalVision ILP Pty Ltd,1,1,1,0.0,0.0,0.01,4084
Champion Loans,1,1,1,0.0,0.0,0.01,4085
Southderm Pty Ltd,1,1,1,0.0,0.0,0.01,4086
Ray White Capalaba,1,1,1,0.0,0.0,0.01,4087
Engine Asia Pacific Pty Ltd,1,1,1,0.0,0.0,0.01,4088
SA Water,1,1,1,0.0,0.0,0.01,4089
Full Circle Partners,1,1,1,0.0,0.0,0.01,4090
Kemp Recruitment,1,1,1,0.0,0.0,0.01,4091
GFG Alliance,1,1,1,0.0,0.0,0.01,4092
Excel Cleaning,1,1,1,0.0,0.0,0.01,4093
Boomba Holdings Pty Limited,1,1,1,100.0,0.0,0.01,4094
Urban Warehouse (NDC) Pty Ltd,1,1,1,0.0,0.0,0.01,4095
Chemring Australia Pty. Ltd.,1,1,1,0.0,0.0,0.01,4096
John and Co Lawyers,1,1,1,0.0,0.0,0.01,4097
The Fleet Office Pty Ltd,1,1,1,100.0,0.0,0.01,4098
Kelly Services Adelaide,1,1,1,0.0,0.0,0.01,4099
Hoyer Global Agency Australia,1,1,1,0.0,0.0,0.01,4100
Industrial People Pty Ltd,1,1,1,100.0,0.0,0.01,4101
CPB Contractors Pty Limited,1,1,1,0.0,0.0,0.01,4102
Bluhat Consulting Pty Ltd,1,1,1,0.0,0.0,0.01,4103
DuluxGroup,1,1,1,0.0,0.0,0.01,4104
NGU Real Estate East Brisbane,1,1,1,0.0,0.0,0.01,4105
Bayer Australia Limited,1,1,1,0.0,0.0,0.01,4106
IDOM Automotive Group,1,1,1,0.0,0.0,0.01,4107
ACCENT BENCHTOPS,1,1,1,0.0,0.0,0.01,4108
CMT Insurance Services,1,1,1,0.0,0.0,0.01,4109
Safe Places for Children,1,1,1,100.0,0.0,0.01,4110
Snack Brands Australia,1,1,1,0.0,0.0,0.01,4111
Bike Barn,1,1,1,0.0,0.0,0.01,4112
DMG Personnel Ltd,1,1,1,0.0,0.0,0.01,4113
Ozstrut Pty Ltd,1,1,1,0.0,0.0,0.01,4114
Sydney Harbour Escapes,1,1,1,100.0,0.0,0.01,4115
Advanced Recruitment Solutions,1,1,1,0.0,0.0,0.01,4116
RPR Trades,1,1,1,100.0,0.0,0.01,4117
Seven Network (Operations) Limited,1,1,1,0.0,0.0,0.01,4118
Guide Dogs SA/NT,1,1,1,100.0,0.0,0.01,4119
AEG Ogden (Brisbane Entertainment Centre Ltd),1,1,1,0.0,0.0,0.01,4120
Dignity Ltd,1,1,1,0.0,0.0,0.01,4121
BeyondHousing,1,1,1,100.0,0.0,0.01,4122
St Edmund's College,1,1,1,0.0,0.0,0.01,4123
healthAlliance,1,1,1,0.0,0.0,0.01,4124
ASG Group Ltd,1,1,1,0.0,0.0,0.01,4125
Trojan Recruitment Group - Mulgrave,1,1,1,100.0,0.0,0.01,4126
Lenco Sport NZ Ltd,1,1,1,0.0,0.0,0.01,4127
Job Directions,1,1,1,100.0,0.0,0.01,4128
heath norris constructions,1,1,1,100.0,0.0,0.01,4129
Academy of Information Technology,1,1,1,0.0,0.0,0.01,4130
Captain Green Solar,1,1,1,100.0,0.0,0.01,4131
Wing Hong Food Services,1,1,1,0.0,0.0,0.01,4132
The Savvy Bookkeeper,1,1,1,0.0,0.0,0.01,4133
LMW,1,1,1,0.0,0.0,0.01,4134
Stepping Stones Children's Services,1,1,1,0.0,0.0,0.01,4135
Kelly Services - Perth,1,1,1,0.0,0.0,0.01,4136
Long Resources,1,1,1,0.0,0.0,0.01,4137
AB Equipment,1,1,1,0.0,0.0,0.01,4138
CanTeen,1,1,1,100.0,0.0,0.01,4139
RXP Group,1,1,1,0.0,0.0,0.01,4140
RMIT Training Pty Ltd,1,1,1,100.0,0.0,0.01,4141
Australian International Aviation College,1,1,1,0.0,0.0,0.01,4142
Wallbridge Gilbert Aztec,1,1,1,0.0,0.0,0.01,4143
Perth Medical Centre,1,1,1,0.0,0.0,0.01,4144
Gold Coast Football Club,1,1,1,0.0,0.0,0.01,4145
Prestige Inhome Care,1,1,1,0.0,0.0,0.01,4146
Graham Lusty Trailers,1,1,1,100.0,0.0,0.01,4147
Bent & Curved Glass Pty Ltd,1,1,1,0.0,0.0,0.01,4148
CommTel Network Solutions,1,1,1,0.0,0.0,0.01,4149
Tailored Workforce,1,1,1,0.0,0.0,0.01,4150
Lynns Removals & Storage,1,1,1,0.0,0.0,0.01,4151
Power Pumping Pty Ltd,1,1,1,0.0,0.0,0.01,4152
Hertz Australia Pty Ltd,1,1,1,0.0,0.0,0.01,4153
Blue Ink Group,1,1,1,0.0,0.0,0.01,4154
hallmark australia pty ltd,1,1,1,0.0,0.0,0.01,4155
Sparkle Dental,1,1,1,0.0,0.0,0.01,4156
Gate Gourmet Services Pty Ltd,1,1,1,0.0,0.0,0.01,4157
Wests Tigers Rugby League Football Pty Ltd,1,1,1,0.0,0.0,0.01,4158
Madad Pty Ltd,1,1,1,100.0,0.0,0.01,4159
RAPTOR GAS SPRINGS PTY LTD,1,1,1,0.0,0.0,0.01,4160
ICM Agribusiness,1,1,1,0.0,0.0,0.01,4161
Tiffany & Co.,1,1,1,0.0,0.0,0.01,4162
Shire of Carnarvon,1,1,1,0.0,0.0,0.01,4163
Burnie Brae,1,1,1,0.0,0.0,0.01,4164
RSL LifeCare,1,1,1,0.0,0.0,0.01,4165
ABB Australia Pty Ltd,1,1,1,100.0,0.0,0.01,4166
Sonder Australia,1,1,1,0.0,0.0,0.01,4167
Matt Pearson Fine Art Photography,1,1,1,0.0,0.0,0.01,4168
Wilbart Pty Ltd,1,1,1,0.0,0.0,0.01,4169
Lumina Chartered Accountants,1,1,1,0.0,0.0,0.01,4170
DUXTON HOTEL - PERTH,1,1,1,0.0,0.0,0.01,4171
Access Dental Services,1,1,1,0.0,0.0,0.01,4172
Stillwell Kia,1,1,1,0.0,0.0,0.01,4173
Cumulus Inc,1,1,1,0.0,0.0,0.01,4174
Absolute Personnel,1,1,1,100.0,0.0,0.01,4175
Ashley Services Group,1,1,1,0.0,0.0,0.01,4176
Izico Pty Limited,1,1,1,0.0,0.0,0.01,4177
Engage Us Pty Ltd,1,1,1,100.0,0.0,0.01,4178
HR Partners - Brisbane,1,1,1,100.0,0.0,0.01,4179
Australian Village Management Pty Ltd,1,1,1,0.0,0.0,0.01,4180
Challenge Community Services,1,1,1,0.0,0.0,0.01,4181
The Argyle Network,1,1,1,0.0,0.0,0.01,4182
Matthew Ely Jewellers,1,1,1,0.0,0.0,0.01,4183
HEARING SAVERS,1,1,1,0.0,0.0,0.01,4184
Zento Recruitment Pty Ltd,1,1,1,100.0,0.0,0.01,4185
Inspire Fitness,1,1,1,0.0,0.0,0.01,4186
Hunter Primary Care Ltd,1,1,1,0.0,0.0,0.01,4187
Custom Fleet,1,1,1,0.0,0.0,0.01,4188
Bacchus Constructions,1,1,1,0.0,0.0,0.01,4189
Alphacrucis College,1,1,1,0.0,0.0,0.01,4190
Akron Group NT Pty Ltd,1,1,1,100.0,0.0,0.01,4191
ABBA Group,1,1,1,100.0,0.0,0.01,4192
Petwise,1,1,1,0.0,0.0,0.01,4193
Tourism Adventure Group,1,1,1,0.0,0.0,0.01,4194
ST MICHAELS COLLEGIATE SCHOOL,1,1,1,0.0,0.0,0.01,4195
Challenger Limited,1,1,1,0.0,0.0,0.01,4196
Lynx Recruitment Ltd,1,1,1,100.0,0.0,0.01,4197
WorkPac - Bowen,1,1,1,0.0,0.0,0.01,4198
Integra Energy Group Pty Ltd,1,1,1,100.0,0.0,0.01,4199
No to Violence,1,1,1,0.0,0.0,0.01,4200
My Human Resources Manager,1,1,1,0.0,0.0,0.01,4201
City of Greater Geraldton,1,1,1,0.0,0.0,0.01,4202
Lumino The Dentists,1,1,1,0.0,0.0,0.01,4203
Who Group,1,1,1,0.0,0.0,0.01,4204
ResPax Australia,1,1,1,0.0,0.0,0.01,4205
MG Motor Australia,1,1,1,0.0,0.0,0.01,4206
Galvin-Rowley Executive,1,1,1,100.0,0.0,0.01,4207
Hipgroup,1,1,1,100.0,0.0,0.01,4208
FREDON INDUSTRIES,1,1,1,0.0,0.0,0.01,4209
Blenheim Grazing,1,1,1,0.0,0.0,0.01,4210
ANZCA,1,1,1,0.0,0.0,0.01,4211
Talent Code,1,1,1,0.0,0.0,0.01,4212
Fishbowl Australia,1,1,1,0.0,0.0,0.01,4213
Mackay Christian College,1,1,1,0.0,0.0,0.01,4214
Abacus Learning Centre,1,1,1,0.0,0.0,0.01,4215
Axxin,1,1,1,0.0,0.0,0.01,4216
ARL Collect Pty Ltd,1,1,1,0.0,0.0,0.01,4217
Wisdom Homes,1,1,1,0.0,0.0,0.01,4218
Concord Engineering Co Pty Ltd,1,1,1,0.0,0.0,0.01,4219
C J PEARCE PTY LTD,1,1,1,0.0,0.0,0.01,4220
4 Pines Brewing Company,1,1,1,0.0,0.0,0.01,4221
Wollongong City Council,1,1,1,0.0,0.0,0.01,4222
TAC,1,1,1,0.0,0.0,0.01,4223
Jon Michel Pty Ltd,1,1,1,0.0,0.0,0.01,4224
Youth Inc.,1,1,1,0.0,0.0,0.01,4225
Yancoal,1,1,1,0.0,0.0,0.01,4226
Centastaff Workforce Solutions,1,1,1,100.0,0.0,0.01,4227
Marist180,1,1,1,100.0,0.0,0.01,4228
Staff Services Employment,1,1,1,0.0,0.0,0.01,4229
WorkPac - Mt Isa,1,1,1,0.0,0.0,0.01,4230
Back Alley Sally's,1,1,1,100.0,0.0,0.01,4231
Avanti Project Marketing Pty Ltd,1,1,1,0.0,0.0,0.01,4232
Printgraphics Pty. Ltd.,1,1,1,0.0,0.0,0.01,4233
Access Industries,1,1,1,0.0,0.0,0.01,4234
Suburban Rail Loop Authority,1,1,1,100.0,0.0,0.01,4235
kurtis paige initiatives,1,1,1,0.0,0.0,0.01,4236
Edendale School,1,1,1,100.0,0.0,0.01,4237
Starpro Pty Ltd,1,1,1,0.0,0.0,0.01,4238
Cluey Learning,1,1,1,0.0,0.0,0.01,4239
Hermes Australia Pty Ltd,1,1,1,0.0,0.0,0.01,4240
ProQuest Recruitment  - Derrimut,1,1,1,0.0,0.0,0.01,4241
Boydells,1,1,1,0.0,0.0,0.01,4242
Barry Dell Plumbing,1,1,1,0.0,0.0,0.01,4243
Advancedlife Pty Ltd,1,1,1,0.0,0.0,0.01,4244
Atlanta Refrigeration,1,1,1,100.0,0.0,0.01,4245
Urban Camp,1,1,1,0.0,0.0,0.01,4246
First State Super,1,1,1,100.0,0.0,0.01,4247
Talentpool Recruitment Group,1,1,1,0.0,0.0,0.01,4248
Western Sydney Community Legal Centre Inc.,1,1,1,100.0,0.0,0.01,4249
ExecuJet Australia Pty Ltd,1,1,1,0.0,0.0,0.01,4250
MiX Telematics,1,1,1,0.0,0.0,0.01,4251
AUSSIE NATURAL SPRING WATER,1,1,1,0.0,0.0,0.01,4252
CitiPower and Powercor Australia,1,1,1,0.0,0.0,0.01,4253
The Whole Tooth,1,1,1,100.0,0.0,0.01,4254
Milestone Information Technology,1,1,1,0.0,0.0,0.01,4255
Verizon,1,1,1,0.0,0.0,0.01,4256
SANE Australia,1,1,1,100.0,0.0,0.01,4257
Catalyst child and family services,1,1,1,100.0,0.0,0.01,4258
Abacus Group Ltd,1,1,1,0.0,0.0,0.01,4259
R M Williams Pty Ltd,1,1,1,0.0,0.0,0.01,4260
Mosman Preparatory School,1,1,1,0.0,0.0,0.01,4261
Anderfield,1,1,1,100.0,0.0,0.01,4262
Belle de fleurs group,1,1,1,100.0,0.0,0.01,4263
Talent Blueprint,1,1,1,0.0,0.0,0.01,4264
Sam's Fitness,1,1,1,100.0,0.0,0.01,4265
Canstaff,1,1,1,0.0,0.0,0.01,4266
hicks transport group,1,1,1,0.0,0.0,0.01,4267
Bear Marketing,1,1,1,100.0,0.0,0.01,4268
INPEX,1,1,1,0.0,0.0,0.01,4269
AGC,1,1,1,0.0,0.0,0.01,4270
Fallon Solutions Pty Ltd,1,1,1,0.0,0.0,0.01,4271
SKM Recruitment,1,1,1,100.0,0.0,0.01,4272
Technology Core Pty Ltd,1,1,1,0.0,0.0,0.01,4273
R & J Batteries,1,1,1,0.0,0.0,0.01,4274
Oceania Seafoods,1,1,1,0.0,0.0,0.01,4275
The Frying Farmer,1,1,1,0.0,0.0,0.01,4276
VR Group Hotels and Apartments,1,1,1,0.0,0.0,0.01,4277
The A Team Property Group,1,1,1,100.0,0.0,0.01,4278
Kingston Estate Wines,1,1,1,0.0,0.0,0.01,4279
Jigsaw OOSH,1,1,1,0.0,0.0,0.01,4280
Marsdens Law Group,1,1,1,0.0,0.0,0.01,4281
Planet Innovation Pty Ltd,1,1,1,0.0,0.0,0.01,4282
Stadiums Queensland,1,1,1,100.0,0.0,0.01,4283
The Landscape Construction Company Pty Ltd,1,1,1,100.0,0.0,0.01,4284
Corporate Protection Australia Group,1,1,1,0.0,0.0,0.01,4285
Tetracon Resourcing,1,1,1,100.0,0.0,0.01,4286
Moree Plains Shire Council,1,1,1,100.0,0.0,0.01,4287
Law In Order P/L,1,1,1,0.0,0.0,0.01,4288
Trisco Foods,1,1,1,0.0,0.0,0.01,4289
Jones Talent ID,1,1,1,100.0,0.0,0.01,4290
Shire of Denmark,1,1,1,100.0,0.0,0.01,4291
CTI Logistics Limited,1,1,1,0.0,0.0,0.01,4292
LeasePLUS Group,1,1,1,0.0,0.0,0.01,4293
Cabrini Health,1,1,1,0.0,0.0,0.01,4294
Orthopaedic Associates Melbourne,1,1,1,100.0,0.0,0.01,4295
Building Services Recruitment Australia,1,1,1,0.0,0.0,0.01,4296
OPAL Executive Search,1,1,1,0.0,0.0,0.01,4297
NBrefrigeration,1,1,1,0.0,0.0,0.01,4298
GBAR (Australia) Pty Ltd,1,1,1,0.0,0.0,0.01,4299
Carers Queensland Inc.,1,1,1,100.0,0.0,0.01,4300
Database Consultants Australia,1,1,1,0.0,0.0,0.01,4301
City Chic,1,1,1,0.0,0.0,0.01,4302
Healius – Corporate Division,1,1,1,0.0,0.0,0.01,4303
Fewster Properties Pty Ltd,1,1,1,0.0,0.0,0.01,4304
Rhomberg Rail Australia Pty Ltd,1,1,1,0.0,0.0,0.01,4305
Storage and Solar,1,1,1,0.0,0.0,0.01,4306
Crystal Clear Window Cleaning WA,1,1,1,0.0,0.0,0.01,4307
Precruitment,1,1,1,0.0,0.0,0.01,4308
Professionals Arthur Johnston Snowball,1,1,1,0.0,0.0,0.01,4309
Pepper Group Ltd,1,1,1,0.0,0.0,0.01,4310
Rylefoot Pty Ltd Trading as Tom Saade's Camera House,1,1,1,100.0,0.0,0.01,4311
Possability,1,1,1,0.0,0.0,0.01,4312
7 Day Pharmacy Caversham,1,1,1,0.0,0.0,0.01,4313
GH Fire,1,1,1,0.0,0.0,0.01,4314
Just Digital People,1,1,1,100.0,0.0,0.01,4315
SAPP Australia,1,1,1,0.0,0.0,0.01,4316
ANZ Bank New Zealand Limited,1,1,1,0.0,0.0,0.01,4317
Russo Estate,1,1,1,0.0,0.0,0.01,4318
Elles Belles Early Learning,1,1,1,0.0,0.0,0.01,4319
Ultra Labels,1,1,1,0.0,0.0,0.01,4320
Education national,1,1,1,100.0,0.0,0.01,4321
NSW Stoma Ltd,1,1,1,100.0,0.0,0.01,4322
Grassports Australia,1,1,1,100.0,0.0,0.01,4323
Maxserv Limited,1,1,1,0.0,0.0,0.01,4324
Automobility Pty Ltd,1,1,1,100.0,0.0,0.01,4325
Scholastic Australia,1,1,1,0.0,0.0,0.01,4326
StarAlum,1,1,1,0.0,0.0,0.01,4327
DKW Recruitment Group,1,1,1,100.0,0.0,0.01,4328
Kincrome Tools & Equipment,1,1,1,0.0,0.0,0.01,4329
Fastplast Building Supplies,1,1,1,0.0,0.0,0.01,4330
Campbell Page Limited,1,1,1,0.0,0.0,0.01,4331
Provider Plus,1,1,1,0.0,0.0,0.01,4332
Lite Corp Pty Ltd,1,1,1,100.0,0.0,0.01,4333
Tri Summit Services,1,1,1,100.0,0.0,0.01,4334
Cognicent,1,1,1,100.0,0.0,0.01,4335
Crommelin Recruitment,1,1,1,100.0,0.0,0.01,4336
Write Limited,1,1,1,100.0,0.0,0.01,4337
FIS,1,1,1,0.0,0.0,0.01,4338
Stepping Forward Therapy Services,1,1,1,0.0,0.0,0.01,4339
PMFresh Pty Ltd,1,1,1,100.0,0.0,0.01,4340
RFC AMBRIAN GROUP LIMITED,1,1,1,0.0,0.0,0.01,4341
Canberra Grammar School,1,1,1,0.0,0.0,0.01,4342
OTTO Brisbane,1,1,1,100.0,0.0,0.01,4343
The Trustee for THE CITY STATE UNIT TRUS T TA ACCOUNTING TEK FINANCIAL SERVICES,1,1,1,100.0,0.0,0.01,4344
Beaumont Tiles,1,1,1,0.0,0.0,0.01,4345
Cedar West,1,1,1,0.0,0.0,0.01,4346
Mitchell's Quality Foods,1,1,1,0.0,0.0,0.01,4347
Europcar,1,1,1,0.0,0.0,0.01,4348
Safesearch,1,1,1,0.0,0.0,0.01,4349
The People Network,1,1,1,100.0,0.0,0.01,4350
Carways P/L,1,1,1,0.0,0.0,0.01,4351
Southern.IML Pathology,1,1,1,0.0,0.0,0.01,4352
GMJ Compact Solutions,1,1,1,0.0,0.0,0.01,4353
Lilydale Vet Centre,1,1,1,0.0,0.0,0.01,4354
World Courier Australia Pty Ltd,1,1,1,0.0,0.0,0.01,4355
Tegel,1,1,1,0.0,0.0,0.01,4356
Plan Partners,1,1,1,100.0,0.0,0.01,4357
NGO Recruitment,1,1,1,0.0,0.0,0.01,4358
Nambour Selangor Private Hospital Ramsay Health,1,1,1,0.0,0.0,0.01,4359
AUSTRALIAN PUMP INDUSTRIES,1,1,1,0.0,0.0,0.01,4360
TAFE NSW - North Coast Institute,1,1,1,100.0,0.0,0.01,4361
Dorado,1,1,1,0.0,0.0,0.01,4362
International SOS (Australasia) P/L,1,1,1,100.0,0.0,0.01,4363
Tertiary Education Commission,1,1,1,100.0,0.0,0.01,4364
BioCarbon Engineering,1,1,1,0.0,0.0,0.01,4365
Redstone Recruitment Pty Ltd,1,1,1,100.0,0.0,0.01,4366
Titan Capital,1,1,1,0.0,0.0,0.01,4367
Credit Repair Australia Pty Ltd,1,1,1,100.0,0.0,0.01,4368
WeConnect Pty Ltd,1,1,1,100.0,0.0,0.01,4369
Barkuma Incorporated,1,1,1,0.0,0.0,0.01,4370
KD Landscapes,1,1,1,0.0,0.0,0.01,4371
Veterinary Enterprises,1,1,1,0.0,0.0,0.01,4372
The Langham Sydney,1,1,1,0.0,0.0,0.01,4373
Heritage Collection Waitakere Estate,1,1,1,0.0,0.0,0.01,4374
MidCentral,1,1,1,0.0,0.0,0.01,4375
St.LukesHealth,1,1,1,0.0,0.0,0.01,4376
Youthtown,1,1,1,0.0,0.0,0.01,4377
Essence Physiotherapy,1,1,1,100.0,0.0,0.01,4378
Lotte Duty Free,1,1,1,0.0,0.0,0.01,4379
DGP Legal,1,1,1,100.0,0.0,0.01,4380
HELP Auckland,1,1,1,0.0,0.0,0.01,4381
Titanium Recruitment,1,1,1,100.0,0.0,0.01,4382
Red Robin Recruitment,1,1,1,0.0,0.0,0.01,4383
Elders Insurance Melbourne,1,1,1,0.0,0.0,0.01,4384
Equalution,1,1,1,0.0,0.0,0.01,4385
L J Hooker Maroubra,1,1,1,0.0,0.0,0.01,4386
Medlab Pathology,1,1,1,0.0,0.0,0.01,4387
The Benevolent Society,1,1,1,100.0,0.0,0.01,4388
Belgravia Health & Leisure Group,1,1,1,0.0,0.0,0.01,4389
emjays creek pty ltd,1,1,1,0.0,0.0,0.01,4390
Now Careers Pty Ltd,1,1,1,100.0,0.0,0.01,4391
Indigenous Land and Sea Corporation,1,1,1,0.0,0.0,0.01,4392
TeamKids,1,1,1,100.0,0.0,0.01,4393
Jenbro Recruitment,1,1,1,0.0,0.0,0.01,4394
Optus Premium Partner,1,1,1,0.0,0.0,0.01,4395
Party Plus Joondalup,1,1,1,0.0,0.0,0.01,4396
Central Darling Shire Council,1,1,1,100.0,0.0,0.01,4397
Brisbane Skin,1,1,1,0.0,0.0,0.01,4398
Profile Group,1,1,1,100.0,0.0,0.01,4399
ZAX AMUSEMENTS,1,1,1,0.0,0.0,0.01,4400
Ausco Modular Pty Ltd,1,1,1,0.0,0.0,0.01,4401
Linley Valley Pork,1,1,1,0.0,0.0,0.01,4402
RT Health Fund,1,1,1,0.0,0.0,0.01,4403
Bendella Group Pty Ltd,1,1,1,0.0,0.0,0.01,4404
CGI Technologies and Solutions Australia Pty Ltd,1,1,1,100.0,0.0,0.01,4405
Odhavji & Associates,1,1,1,0.0,0.0,0.01,4406
Department of Transport and Main Roads,1,1,1,100.0,0.0,0.01,4407
Total Health Chiropractic,1,1,1,100.0,0.0,0.01,4408
Anglicare WA,1,1,1,0.0,0.0,0.01,4409
APA Group,1,1,1,0.0,0.0,0.01,4410
AMZEN INTERNATIONAL PTY LTD,1,1,1,100.0,0.0,0.01,4411
Hotel Housekeeping,1,1,1,0.0,0.0,0.01,4412
Babbage Consultants Limited,1,1,1,0.0,0.0,0.01,4413
Walker Wayland Services Pty Limited,1,1,1,0.0,0.0,0.01,4414
WWF-Australia,1,1,1,0.0,0.0,0.01,4415
MACRO Recruitment,1,1,1,0.0,0.0,0.01,4416
RIoT Solutions Pty Ltd,1,1,1,0.0,0.0,0.01,4417
Yarra Trams,1,1,1,0.0,0.0,0.01,4418
National Administration of Domain Names,1,1,1,0.0,0.0,0.01,4419
Australasian Music Supplies Pty Ltd.,1,1,1,0.0,0.0,0.01,4420
World Vision NZ,1,1,1,0.0,0.0,0.01,4421
W Brisbane,1,1,1,0.0,0.0,0.01,4422
Davis Recruitment,1,1,1,100.0,0.0,0.01,4423
Arnhem Land Progress Aboriginal Corporation,1,1,1,0.0,0.0,0.01,4424
Remedy Recruitment,1,1,1,0.0,0.0,0.01,4425
Contemporary Plumbing,1,1,1,0.0,0.0,0.01,4426
Subscribe-HR,1,1,1,0.0,0.0,0.01,4427
Dedece P/L,1,1,1,0.0,0.0,0.01,4428
Multotec Pty Ltd,1,1,1,100.0,0.0,0.01,4429
PANDSI (Post & Ante Natal Depression Support & Information Inc.),1,1,1,0.0,0.0,0.01,4430
InterContinental Hayman Island Resort,1,1,1,100.0,0.0,0.01,4431
Cad Cam NZ Ltd,1,1,1,100.0,0.0,0.01,4432
Projoin,1,1,1,100.0,0.0,0.01,4433
Heidelberg Golf Club,1,1,1,0.0,0.0,0.01,4434
Jurgens Swiss Bread Co,1,1,1,0.0,0.0,0.01,4435
Fulham Medical Centre,1,1,1,0.0,0.0,0.01,4436
Hudson - Policy and Program,1,1,1,0.0,0.0,0.01,4437
CoreStaff Brisbane,1,1,1,0.0,0.0,0.01,4438
Dayboro Medical Centre,1,1,1,0.0,0.0,0.01,4439
BMW Adelaide,1,1,1,0.0,0.0,0.01,4440
Theatre Royal,1,1,1,0.0,0.0,0.01,4441
Double H Marketing,1,1,1,100.0,0.0,0.01,4442
People @ Work,1,1,1,0.0,0.0,0.01,4443
CW Brands Pty Ltd,1,1,1,0.0,0.0,0.01,4444
Dental 88,1,1,1,100.0,0.0,0.01,4445
BRC - Recruitment,1,1,1,100.0,0.0,0.01,4446
Informative Property Services Pty Ltd,1,1,1,100.0,0.0,0.01,4447
FIN Recruitment,1,1,1,100.0,0.0,0.01,4448
Spire Realty Services Pty Ltd,1,1,1,0.0,0.0,0.01,4449
Allegro Employment Services,1,1,1,0.0,0.0,0.01,4450
Brebner Somerville,1,1,1,0.0,0.0,0.01,4451
Benneaux,1,1,1,100.0,0.0,0.01,4452
Starts at 60 Pty Ltd,1,1,1,0.0,0.0,0.01,4453
Novotel Melbourne South Wharf,1,1,1,0.0,0.0,0.01,4454
Elaine Bevington,1,1,1,100.0,0.0,0.01,4455
Gordon Group Technology,1,1,1,0.0,0.0,0.01,4456
J.G Lohrisch Funerals,1,1,1,0.0,0.0,0.01,4457
Ratio Group,1,1,1,100.0,0.0,0.01,4458
Attain Talent Pty.Ltd,1,1,1,0.0,0.0,0.01,4459
Taylor Root,1,1,1,0.0,0.0,0.01,4460
Taranaki Industrial Electrical Services Limited,1,1,1,0.0,0.0,0.01,4461
McHugh Steel Pty Ltd,1,1,1,0.0,0.0,0.01,4462
Leogate Estate Wines,1,1,1,0.0,0.0,0.01,4463
Logitech Australia,1,1,1,0.0,0.0,0.01,4464
LJ Hooker Hampton Park,1,1,1,0.0,0.0,0.01,4465
Number One Fertility Pty Ltd,1,1,1,0.0,0.0,0.01,4466
Cricket NSW,1,1,1,0.0,0.0,0.01,4467
St Clair OOSH,1,1,1,0.0,0.0,0.01,4468
McDermott & Associates,1,1,1,0.0,0.0,0.01,4469
Oxfam,1,1,1,0.0,0.0,0.01,4470
Be Fit Food,1,1,1,0.0,0.0,0.01,4471
Princes Laundry Services,1,1,1,0.0,0.0,0.01,4472
Achieve Australia,1,1,1,0.0,0.0,0.01,4473
Rezdy,1,1,1,0.0,0.0,0.01,4474
Master Appliance Service,1,1,1,100.0,0.0,0.01,4475
Qantas Airways Ltd,1,1,1,0.0,0.0,0.01,4476
Little Life,1,1,1,0.0,0.0,0.01,4477
Centrewest Insurance Brokers,1,1,1,0.0,0.0,0.01,4478
Inside Out Nutritious Goods Pty Ltd,1,1,1,0.0,0.0,0.01,4479
LEARN TO FLY Australia P/L,1,1,1,100.0,0.0,0.01,4480
Foot and Leg Pain Centre,1,1,1,100.0,0.0,0.01,4481
13cabs,1,1,1,0.0,0.0,0.01,4482
Home World Realty,1,1,1,0.0,0.0,0.01,4483
Delta Society Australia Limited,1,1,1,0.0,0.0,0.01,4484
UGG,1,1,1,100.0,0.0,0.01,4485
Neopost Australia,1,1,1,0.0,0.0,0.01,4486
CSE Australia,1,1,1,0.0,0.0,0.01,4487
Fairview Architectural Pty Ltd,1,1,1,0.0,0.0,0.01,4488
Vet South,1,1,1,0.0,0.0,0.01,4489
Integra Water Treatment Solutions,1,1,1,0.0,0.0,0.01,4490
The Business Doctor,1,1,1,100.0,0.0,0.01,4491
Riccarton High School,1,1,1,0.0,0.0,0.01,4492
4SP Group Pty Ltd,1,1,1,0.0,0.0,0.01,4493
Trustpower,1,1,1,0.0,0.0,0.01,4494
Jersey Mike's Subs,1,1,1,100.0,0.0,0.01,4495
dormakaba Australia Pty Ltd,1,1,1,0.0,0.0,0.01,4496
Financial Markets Authority (FMA),1,1,1,0.0,0.0,0.01,4497
Diamond M Solutions,1,1,1,0.0,0.0,0.01,4498
CircuIT Recruitment Group,1,1,1,0.0,0.0,0.01,4499
Master Cabinets,1,1,1,0.0,0.0,0.01,4500
Communities@Work,1,1,1,0.0,0.0,0.01,4501
Byron Thomas Recruitment,1,1,1,100.0,0.0,0.01,4502
Healthvision NZ,1,1,1,0.0,0.0,0.01,4503
Healthcare Australia Community Care QLD &NT,1,1,1,0.0,0.0,0.01,4504
Winteringham Recruitment,1,1,1,0.0,0.0,0.01,4505
Sequence Australia,1,1,1,0.0,0.0,0.01,4506
Atlas and Arrow Limited,1,1,1,0.0,0.0,0.01,4507
TVH,1,1,1,0.0,0.0,0.01,4508
Marel Australia,1,1,1,0.0,0.0,0.01,4509
Meath Care (Inc),1,1,1,0.0,0.0,0.01,4510
Alliance Community Care - NSW,1,1,1,100.0,0.0,0.01,4511
BIG,1,1,1,0.0,0.0,0.01,4512
Sabre Corporation,1,1,1,0.0,0.0,0.01,4513
The Cove Holiday Village,1,1,1,0.0,0.0,0.01,4514
Bruce Chiene PL,1,1,1,100.0,0.0,0.01,4515
SILC Limited,1,1,1,0.0,0.0,0.01,4516
Australian Bakels,1,1,1,0.0,0.0,0.01,4517
WENTWORTH ANGLING CLUB INC.,1,1,1,0.0,0.0,0.01,4518
foundU,1,1,1,0.0,0.0,0.01,4519
Hospo.HR,1,1,1,100.0,0.0,0.01,4520
Brand Collective,1,1,1,0.0,0.0,0.01,4521
Diplomatik Pty Ltd,1,1,1,0.0,0.0,0.01,4522
Australian Finance Group,1,1,1,0.0,0.0,0.01,4523
Tupperware Australia Pty Ltd,1,1,1,0.0,0.0,0.01,4524
Institute for Urban Indigenous Health,1,1,1,100.0,0.0,0.01,4525
Australian Industry Trade College,1,1,1,0.0,0.0,0.01,4526
Guardsman Australia Pty Limited,1,1,1,0.0,0.0,0.01,4527
Big Ant Studios,1,1,1,100.0,0.0,0.01,4528
Koorana Child and Family Services Ltd,1,1,1,0.0,0.0,0.01,4529
Personnel Placements,1,1,1,100.0,0.0,0.01,4530
ACIC Melbourne,1,1,1,0.0,0.0,0.01,4531
SACS Consulting,1,1,1,100.0,0.0,0.01,4532
Western Health Alliance Limited,1,1,1,100.0,0.0,0.01,4533
doTERRA,1,1,1,0.0,0.0,0.01,4534
Autopact Victoria,1,1,1,0.0,0.0,0.01,4535
fresh creative,1,1,1,0.0,0.0,0.01,4536
Office of the Auditor-General,1,1,1,0.0,0.0,0.01,4537
Active Tree Services,1,1,1,0.0,0.0,0.01,4538
City of Whittlesea,1,1,1,0.0,0.0,0.01,4539
Art Series Hotels,1,1,1,0.0,0.0,0.01,4540
Tracc Civil,1,1,1,0.0,0.0,0.01,4541
King Kong,1,1,1,0.0,0.0,0.01,4542
Novotel Sydney Brighton Beach,1,1,1,0.0,0.0,0.01,4543
Corner Hotel,1,1,1,0.0,0.0,0.01,4544
Hallsmark Property Services,1,1,1,0.0,0.0,0.01,4545
City of Vincent,1,1,1,0.0,0.0,0.01,4546
Quest West End,1,1,1,0.0,0.0,0.01,4547
Messina Talent,1,1,1,0.0,0.0,0.01,4548
Advance Careers,1,1,1,100.0,0.0,0.01,4549
Framework Search & Select Pty Ltd,1,1,1,100.0,0.0,0.01,4550
Monte Sant' Angelo Mercy College,1,1,1,100.0,0.0,0.01,4551
WestSide Corporation,1,1,1,0.0,0.0,0.01,4552
Ipswich City Council,1,1,1,100.0,0.0,0.01,4553
New Zealand Customs Service,1,1,1,0.0,0.0,0.01,4554
Plumbcad,1,1,1,0.0,0.0,0.01,4555
ANY ASPECT CONTRACTING PTY LTD,1,1,1,0.0,0.0,0.01,4556
Momentum Consulting Group Pty Ltd,1,1,1,100.0,0.0,0.01,4557
Marsupial Landscape Management,1,1,1,100.0,0.0,0.01,4558
Southern Cross Care (SA & NT) Inc.,1,1,1,0.0,0.0,0.01,4559
Mackay Regional Council,1,1,1,100.0,0.0,0.01,4560
The Onset,1,1,1,0.0,0.0,0.01,4561
SenateSHJ,1,1,1,0.0,0.0,0.01,4562
Mystique Jewellers,1,1,1,0.0,0.0,0.01,4563
New Zealand Qualifications Authority,1,1,1,0.0,0.0,0.01,4564
Metrans Pty Ltd,1,1,1,0.0,0.0,0.01,4565
Daughterly Care,1,1,1,0.0,0.0,0.01,4566
Automation IT,1,1,1,0.0,0.0,0.01,4567
Rusher Rogers,1,1,1,0.0,0.0,0.01,4568
Integra,1,1,1,0.0,0.0,0.01,4569
Newealth Pty Ltd,1,1,1,0.0,0.0,0.01,4570
Red Rock Leisure Pty Ltd,1,1,1,0.0,0.0,0.01,4571
Signature Homes Ltd,1,1,1,0.0,0.0,0.01,4572
Thornlie Square News,1,1,1,0.0,0.0,0.01,4573
Wilson Rice,1,1,1,100.0,0.0,0.01,4574
iTutorworld,1,1,1,0.0,0.0,0.01,4575
Canterbury District Health Board,1,1,1,0.0,0.0,0.01,4576
Oppizi,1,1,1,0.0,0.0,0.01,4577
Morgans Financial Limited,1,1,1,0.0,0.0,0.01,4578
Hamilton City Council,1,1,1,0.0,0.0,0.01,4579
MediaWorks NZ Limited,1,1,1,100.0,0.0,0.01,4580
Lucio's Pty Ltd,1,1,1,0.0,0.0,0.01,4581
Exclaim IT,1,1,1,0.0,0.0,0.01,4582
Getinge Australia Pty Ltd,1,1,1,0.0,0.0,0.01,4583
Carrington King,1,1,1,100.0,0.0,0.01,4584
Alton Recruitment,1,1,1,100.0,0.0,0.01,4585
Steritech Pty Ltd,1,1,1,0.0,0.0,0.01,4586
Ceritas Pty Ltd,1,1,1,0.0,0.0,0.01,4587
QSR Pty Limited,1,1,1,0.0,0.0,0.01,4588
AIG Australia Ltd,1,1,1,0.0,0.0,0.01,4589
Programmed Industrial Maintenance,1,1,1,0.0,0.0,0.01,4590
Griffith Exies Club,1,1,1,0.0,0.0,0.01,4591
Elegre,1,1,1,0.0,0.0,0.01,4592
Asset Construction Hire,1,1,1,0.0,0.0,0.01,4593
CT Labour Hire,1,1,1,0.0,0.0,0.01,4594
Collins Adelaide,1,1,1,0.0,0.0,0.01,4595
Allgon Pest Control,1,1,1,0.0,0.0,0.01,4596
Aurrum,1,1,1,0.0,0.0,0.01,4597
Northshore Christian Grammar School,1,1,1,0.0,0.0,0.01,4598
Carroll Consulting Group,1,1,1,0.0,0.0,0.01,4599
Co.As.It. Community Services Ltd,1,1,1,0.0,0.0,0.01,4600
Robert Half,1,1,1,100.0,0.0,0.01,4601
SkyBus Australia,1,1,1,0.0,0.0,0.01,4602
SSKB BODY CORPORATE MANAGEMENT PTY LTD,1,1,1,0.0,0.0,0.01,4603
Best Match Recruitment,1,1,1,0.0,0.0,0.01,4604
Seven Hills Toongabbie RSL Club,1,1,1,0.0,0.0,0.01,4605
Jasper Coffee,1,1,1,100.0,0.0,0.01,4606
Recruit Personnel,1,1,1,0.0,0.0,0.01,4607
Bruce Super Convenience,1,1,1,100.0,0.0,0.01,4608
Credit Corp Group Limited,1,1,1,100.0,0.0,0.01,4609
Calidus Group,1,1,1,100.0,0.0,0.01,4610
MediGroup Pty Ltd,1,1,1,100.0,0.0,0.01,4611
Universal Rental Cars Limited,1,1,1,0.0,0.0,0.01,4612
Djarragun College Ltd,1,1,1,100.0,0.0,0.01,4613
Qudos Bank Arena,1,1,1,0.0,0.0,0.01,4614
Fairfield City Council,1,1,1,0.0,0.0,0.01,4615
"Department of Child Safety, Youth and Women",1,1,1,0.0,0.0,0.01,4616
Fresh Equities,1,1,1,0.0,0.0,0.01,4617
Auckland Rugby,1,1,1,0.0,0.0,0.01,4618
Suntel Communications Pty Ltd,1,1,1,0.0,0.0,0.01,4619
MedHealth,1,1,1,0.0,0.0,0.01,4620
Commonwealth Bank - Direct Channels - Retail Banking Services,1,1,1,0.0,0.0,0.01,4621
Complete Food Services,1,1,1,0.0,0.0,0.01,4622
Ram-Fix Fasteners and Industrial Supplies,1,1,1,0.0,0.0,0.01,4623
Mott MacDonald Australia and New Zealand,1,1,1,0.0,0.0,0.01,4624
FoodbankWA,1,1,1,0.0,0.0,0.01,4625
Event Cinemas,1,1,1,100.0,0.0,0.01,4626
cq solar and electrical,1,1,1,0.0,0.0,0.01,4627
GTE Employment Services,1,1,1,0.0,0.0,0.01,4628
TSG,1,1,1,100.0,0.0,0.01,4629
Victor's Place,1,1,1,0.0,0.0,0.01,4630
Konica Minolta (Awarded the WGEAcitation for gender equality),1,1,1,0.0,0.0,0.01,4631
Hastings Deering Australia Ltd,1,1,1,100.0,0.0,0.01,4632
San Remo Macaroni Company Pty Ltd,1,1,1,0.0,0.0,0.01,4633
ATEL Employment Services,1,1,1,100.0,0.0,0.01,4634
PharmacySmart Compounding,1,1,1,0.0,0.0,0.01,4635
Big Brown House,1,1,1,0.0,0.0,0.01,4636
Hughes Developments Limited,1,1,1,0.0,0.0,0.01,4637
Cancer Council New South Wales,1,1,1,0.0,0.0,0.01,4638
Healthy Life Resources Pty Ltd,1,1,1,0.0,0.0,0.01,4639
Peter Rowland Group,1,1,1,0.0,0.0,0.01,4640
Healthcare Imaging Services,1,1,1,0.0,0.0,0.01,4641
Kong's (Aust) Pty Ltd,1,1,1,0.0,0.0,0.01,4642
Middendorp Electric Group of Companies,1,1,1,0.0,0.0,0.01,4643
Health Insurance Fund of Australia,1,1,1,100.0,0.0,0.01,4644
Royal Sydney,1,1,1,0.0,0.0,0.01,4645
Ace Reo Pty Ltd,1,1,1,100.0,0.0,0.01,4646
"Sharp & Carter Technology, Projects & Digital",1,1,1,100.0,0.0,0.01,4647
Budget Guys,1,1,1,100.0,0.0,0.01,4648
Bayswater Car Rental,1,1,1,100.0,0.0,0.01,4649
NRG Property Care Pty Ltd,1,1,1,0.0,0.0,0.01,4650
St Vincent de Paul Society Victoria Inc.,1,1,1,0.0,0.0,0.01,4651
Mastermyne,1,1,1,0.0,0.0,0.01,4652
Lactalis,1,1,1,0.0,0.0,0.01,4653
Kells The Lawyers,1,1,1,0.0,0.0,0.01,4654
Tweed Coast Plan Management,1,1,1,100.0,0.0,0.01,4655
Sydney Children’s Hospitals Network,1,1,1,0.0,0.0,0.01,4656
Aluminium Specialties Group Pty Ltd,1,1,1,0.0,0.0,0.01,4657
New Balance Australia Pty Ltd,1,1,1,0.0,0.0,0.01,4658
Seven Seas Worldwide,1,1,1,0.0,0.0,0.01,4659
Yield More,1,1,1,100.0,0.0,0.01,4660
www.oceand.com.au,1,1,1,0.0,0.0,0.01,4661
Duncan Solutions,1,1,1,0.0,0.0,0.01,4662
Johnson & Johnson,1,1,1,0.0,0.0,0.01,4663
Department of Justice,1,1,1,100.0,0.0,0.01,4664
Level Crossing Removal Project,1,1,1,0.0,0.0,0.01,4665
Fonterra Co-operative Group Ltd,1,1,1,0.0,0.0,0.01,4666
NZ Recruit,1,1,1,0.0,0.0,0.01,4667
Mills Resources,1,1,1,0.0,0.0,0.01,4668
NOVA Entertainment,1,1,1,0.0,0.0,0.01,4669
Mack Civil,1,1,1,0.0,0.0,0.01,4670
Forge Logistics Pty Ltd,1,1,1,0.0,0.0,0.01,4671
The Recruitment Hub,1,1,1,100.0,0.0,0.01,4672
The Resort Club,1,1,1,0.0,0.0,0.01,4673
Oz Landscape Supplies,1,1,1,0.0,0.0,0.01,4674
Armour Building Maintenance,1,1,1,0.0,0.0,0.01,4675
nextstepmedia,1,1,1,0.0,0.0,0.01,4676
Robyn Cartwright Personnel,1,1,1,100.0,0.0,0.01,4677
Oil Gas Logistics Australia,1,1,1,0.0,0.0,0.01,4678
Therapy Focus Ltd,1,1,1,0.0,0.0,0.01,4679
Dental Health Services Victoria,1,1,1,0.0,0.0,0.01,4680
Platypus Shoes,1,1,1,100.0,0.0,0.01,4681
Echelon Group Limited,1,1,1,0.0,0.0,0.01,4682
Community Solutions,1,1,1,0.0,0.0,0.01,4683
Onsite Rental Group,1,1,1,0.0,0.0,0.01,4684
Project Resource Partners,1,1,1,100.0,0.0,0.01,4685
Airnorth,1,1,1,0.0,0.0,0.01,4686
Smart Health Aust,1,1,1,0.0,0.0,0.01,4687
The Care List,1,1,1,0.0,0.0,0.01,4688
City Golf Club,1,1,1,0.0,0.0,0.01,4689
Red Rat Clothing,1,1,1,100.0,0.0,0.01,4690
Australian Coffee and Dough,1,1,1,100.0,0.0,0.01,4691
The Pool Tile Company Pty Ltd,1,1,1,0.0,0.0,0.01,4692
SocietyOne,1,1,1,0.0,0.0,0.01,4693
UES (INT'L) PTY LTD,1,1,1,100.0,0.0,0.01,4694
7-Eleven Australia,1,1,1,0.0,0.0,0.01,4695
Sanctuary Lakes Family Dental,1,1,1,0.0,0.0,0.01,4696
Perspective Recruitment,1,1,1,100.0,0.0,0.01,4697
Euro Pumps,1,1,1,0.0,0.0,0.01,4698
Workskil Australia Incorporated,1,1,1,0.0,0.0,0.01,4699
Yalari Limited,1,1,1,0.0,0.0,0.01,4700
Bradfield Associates,1,1,1,0.0,0.0,0.01,4701
Alpha National Group,1,1,1,100.0,0.0,0.01,4702
TRADEMAX AUSTRALIA PTY LTD,1,1,1,0.0,0.0,0.01,4703
HomeRepair,1,1,1,100.0,0.0,0.01,4704
The Acquire Group,1,1,1,100.0,0.0,0.01,4705
Vehicle Repairhub Pty Ltd,1,1,1,100.0,0.0,0.01,4706
Danmar Australia,1,1,1,0.0,0.0,0.01,4707
Soklich & Co,1,1,1,0.0,0.0,0.01,4708
Nature's Dairy Australia,1,1,1,0.0,0.0,0.01,4709
Cobar Shire Council,1,1,1,0.0,0.0,0.01,4710
Lenna of Hobart,1,1,1,0.0,0.0,0.01,4711
CSIRO,1,1,1,0.0,0.0,0.01,4712
Baked and Brewed,1,1,1,0.0,0.0,0.01,4713
Queensland Access,1,1,1,0.0,0.0,0.01,4714
Pullman Port Douglas Sea Temple Resort,1,1,1,100.0,0.0,0.01,4715
Sumitomo Rubber Australia Pty Ltd,1,1,1,0.0,0.0,0.01,4716
Interactive Community Care Pty Ltd,1,1,1,0.0,0.0,0.01,4717
CCS Disability Action Waikato,1,1,1,0.0,0.0,0.01,4718
SAPTURE INTERNATIONAL,1,1,1,0.0,0.0,0.01,4719
Lumax Solar pty Ltd.,1,1,1,0.0,0.0,0.01,4720
Sapphire Recruitment,1,1,1,100.0,0.0,0.01,4721
PEER,1,1,1,0.0,0.0,0.01,4722
1Cover,1,1,1,0.0,0.0,0.01,4723
Perisher,1,1,1,0.0,0.0,0.01,4724
EG Consulting,1,1,1,100.0,0.0,0.01,4725
Jane Daniels Design Ltd,1,1,1,0.0,0.0,0.01,4726
"Department for Trade, Tourism and Investment (South Australia)",1,1,1,0.0,0.0,0.01,4727
Scitek Australia Pty Ltd,1,1,1,100.0,0.0,0.01,4728
Fluidra Australia,1,1,1,0.0,0.0,0.01,4729
Torii Consulting,1,1,1,0.0,0.0,0.01,4730
Reston Real Estate,1,1,1,100.0,0.0,0.01,4731
LionHouse,1,1,1,0.0,0.0,0.01,4732
PGG Wrightson,1,1,1,0.0,0.0,0.01,4733
Job Driven,1,1,1,0.0,0.0,0.01,4734
Queensford College,1,1,1,0.0,0.0,0.01,4735
Pat Thomas House,1,1,1,0.0,0.0,0.01,4736
Environment Canterbury,1,1,1,0.0,0.0,0.01,4737
Global Workwear Investments Pty Ltd,1,1,1,0.0,0.0,0.01,4738
Dove Electronics,1,1,1,0.0,0.0,0.01,4739
Joondalup Business Association,1,1,1,100.0,0.0,0.01,4740
Matt Blatt,1,1,1,0.0,0.0,0.01,4741
The Practice Pty Ltd,1,1,1,0.0,0.0,0.01,4742
Bidgerdii Community Health Service,1,1,1,0.0,0.0,0.01,4743
Evans Rd Medical Centre,1,1,1,0.0,0.0,0.01,4744
Telstra Northpark,1,1,1,100.0,0.0,0.01,4745
WorkPac - Mackay,1,1,1,0.0,0.0,0.01,4746
Metlabs Australia Pty Ltd,1,1,1,0.0,0.0,0.01,4747
Stirlings Performance Steels,1,1,1,0.0,0.0,0.01,4748
MarketOne,1,1,1,0.0,0.0,0.01,4749
THE YOUNG MEN'S CHRISTIAN ASSOCIATION OF  HAWKE'S BAY INCORPORATED,1,1,1,100.0,0.0,0.01,4750
Interpublic Australia Holdings Pty Ltd,1,1,1,0.0,0.0,0.01,4751
Peak Services,1,1,1,0.0,0.0,0.01,4752
Commercial Licensing Specialists,1,1,1,100.0,0.0,0.01,4753
Espresso Repairman,1,1,1,0.0,0.0,0.01,4754
The City of Canterbury Bankstown,1,1,1,0.0,0.0,0.01,4755
Centrix Solutions,1,1,1,0.0,0.0,0.01,4756
Brown-Forman,1,1,1,0.0,0.0,0.01,4757
ESSSuper,1,1,1,0.0,0.0,0.01,4758
Entrée Recruitment,1,1,1,0.0,0.0,0.01,4759
Harvest and Bean,1,1,1,100.0,0.0,0.01,4760
Cannoperations Pty Ltd,1,1,1,0.0,0.0,0.01,4761
PVH Brands Australia,1,1,1,0.0,0.0,0.01,4762
Make It Cheaper,1,1,1,0.0,0.0,0.01,4763
Solex,1,1,1,0.0,0.0,0.01,4764
NORRiC Construction Resources,1,1,1,0.0,0.0,0.01,4765
World Challenge Expeditions Pty Ltd,1,1,1,0.0,0.0,0.01,4766
Consult Recruitment Limited,1,1,1,0.0,0.0,0.01,4767
Enterprise Rent-a-Car,1,1,1,100.0,0.0,0.01,4768
Mahlab,1,1,1,0.0,0.0,0.01,4769
Bayside Solicitors,1,1,1,100.0,0.0,0.01,4770
OnCue Talent,1,1,1,100.0,0.0,0.01,4771
Hogarth Australia Pty Ltd,1,1,1,0.0,0.0,0.01,4772
Mitsubishi Motors Australia,1,1,1,0.0,0.0,0.01,4773
Unisson Disability,1,1,1,100.0,0.0,0.01,4774
Life Balance Health Centre,1,1,1,100.0,0.0,0.01,4775
OX Tools AU Pty Ltd,1,1,1,0.0,0.0,0.01,4776
Cloud9 Consulting,1,1,1,0.0,0.0,0.01,4777
Pullman Melbourne on the Park,1,1,1,0.0,0.0,0.01,4778
LMP Project Services,1,1,1,0.0,0.0,0.01,4779
A.I.R Recruitment Pty Ltd,1,1,1,100.0,0.0,0.01,4780
Associated Customs and Forwarding Services Pty Ltd,1,1,1,0.0,0.0,0.01,4781
PARKLANDS MEDICAL GROUP,1,1,1,100.0,0.0,0.01,4782
Just Recruitment,1,1,1,0.0,0.0,0.01,4783
Taldumande Youth Services,1,1,1,0.0,0.0,0.01,4784
St John,1,1,1,0.0,0.0,0.01,4785
Boehringer Ingelheim Pty Ltd,1,1,1,0.0,0.0,0.01,4786
MSA National,1,1,1,0.0,0.0,0.01,4787
Industry Connection for Excellence,1,1,1,0.0,0.0,0.01,4788
WorkPac - Newman,1,1,1,100.0,0.0,0.01,4789
Social Futures T/A Northern Rivers Social Development Council,1,1,1,0.0,0.0,0.01,4790
Rural Enterprises Australia Pty Ltd,1,1,1,0.0,0.0,0.01,4791
JDA Hotels,1,1,1,0.0,0.0,0.01,4792
Collingwood Park Pharmacy,1,1,1,0.0,0.0,0.01,4793
Select Recruitment,1,1,1,0.0,0.0,0.01,4794
DGtek PTY LTD,1,1,1,0.0,0.0,0.01,4795
MAGIQ Software Ltd,1,1,1,0.0,0.0,0.01,4796
Heritage Bank,1,1,1,0.0,0.0,0.01,4797
Interflow Resources Pty Limited,1,1,1,0.0,0.0,0.01,4798
Keyz Pty Ltd,1,1,1,0.0,0.0,0.01,4799
University of Wollongong,1,1,1,100.0,0.0,0.01,4800
Priceline Pty Ltd,1,1,1,0.0,0.0,0.01,4801
Sindorf Marsh Pty Ltd,1,1,1,0.0,0.0,0.01,4802
Yaffa Media,1,1,1,0.0,0.0,0.01,4803
Key Conference,1,1,1,0.0,0.0,0.01,4804
ID Collective,1,1,1,0.0,0.0,0.01,4805
Sunterra Solar,1,1,1,100.0,0.0,0.01,4806
NZDF,1,1,1,100.0,0.0,0.01,4807
Thrive Community Services,1,1,1,100.0,0.0,0.01,4808
Earthcheck Pty Ltd,1,1,1,0.0,0.0,0.01,4809
PPG Industries,1,1,1,0.0,0.0,0.01,4810
Central Coast Living Options,1,1,1,0.0,0.0,0.01,4811
Kincare Community Services,1,1,1,0.0,0.0,0.01,4812
Parker Scanlon Pty Ltd,1,1,1,0.0,0.0,0.01,4813
WS,1,1,1,0.0,0.0,0.01,4814
ClockworX Limited,1,1,1,0.0,0.0,0.01,4815
Prudential Investment Company of Australia,1,1,1,0.0,0.0,0.01,4816
Aquis Farm,1,1,1,0.0,0.0,0.01,4817
Pwrsce Global Pty Ltd,1,1,1,100.0,0.0,0.01,4818
LeasePlan Australia and New Zealand,1,1,1,100.0,0.0,0.01,4819
Gladstone Area Promotion and Development LTD,1,1,1,0.0,0.0,0.01,4820
Nepean Blue Mountains Local Health District,1,1,1,0.0,0.0,0.01,4821
Southern Gulf NRM,1,1,1,100.0,0.0,0.01,4822
Aged & Community Services Australia,1,1,1,0.0,0.0,0.01,4823
Blue Collar Recruitment,1,1,1,0.0,0.0,0.01,4824
Cornerstone Paving,1,1,1,0.0,0.0,0.01,4825
Holdsworth Bros. Jewellers,1,1,1,100.0,0.0,0.01,4826
Affinity Education Group,1,1,1,100.0,0.0,0.01,4827
Bras `N Things,1,1,1,0.0,0.0,0.01,4828
Ascham School,1,1,1,0.0,0.0,0.01,4829
Kintamani Farms,1,1,1,100.0,0.0,0.01,4830
AMA Recruit,1,1,1,0.0,0.0,0.01,4831
National Tiles,1,1,1,0.0,0.0,0.01,4832
Grant Thornton Australia,1,1,1,100.0,0.0,0.01,4833
City of Monash,1,1,1,100.0,0.0,0.01,4834
Ovato Creative Services,1,1,1,0.0,0.0,0.01,4835
TMR Recruitment Services Pty Ltd,1,1,1,100.0,0.0,0.01,4836
Ecomed Trading Pty Ltd,1,1,1,0.0,0.0,0.01,4837
Peratech Holdco Limited,1,1,1,100.0,0.0,0.01,4838
Darwin Trailer Boat Club,1,1,1,0.0,0.0,0.01,4839
Boylan Transport,1,1,1,100.0,0.0,0.01,4840
ABN AMRO Clearing Sydney Pty Ltd,1,1,1,100.0,0.0,0.01,4841
Perceptive Talent Solutions Pty Ltd,1,1,1,100.0,0.0,0.01,4842
HardRok Engineering Pty Ltd,1,1,1,0.0,0.0,0.01,4843
Montu Group,1,1,1,0.0,0.0,0.01,4844
OneStaff Hamilton,1,1,1,0.0,0.0,0.01,4845
Meriton Suites,1,1,1,0.0,0.0,0.01,4846
Quest Kelvin Grove,1,1,1,0.0,0.0,0.01,4847
Ausenco Services,1,1,1,0.0,0.0,0.01,4848
Solar Service Group,1,1,1,0.0,0.0,0.01,4849
Advance Visual,1,1,1,0.0,0.0,0.01,4850
OMG Properties Pty Ltd,1,1,1,100.0,0.0,0.01,4851
Central Coast Community Care Association Limited,1,1,1,0.0,0.0,0.01,4852
Escarpment Group Hotels,1,1,1,100.0,0.0,0.01,4853
DJ Air Electrical Services,1,1,1,0.0,0.0,0.01,4854
Flinders Ports,1,1,1,100.0,0.0,0.01,4855
Carers NSW,1,1,1,0.0,0.0,0.01,4856
REA Group,1,1,1,0.0,0.0,0.01,4857
CARTERS,1,1,1,0.0,0.0,0.01,4858
Rock & Redgum,1,1,1,0.0,0.0,0.01,4859
Autonomous Energy,1,1,1,0.0,0.0,0.01,4860
Morton Real Estate,1,1,1,0.0,0.0,0.01,4861
Frontline Executive Retail Sydney,1,1,1,100.0,0.0,0.01,4862
HealthCare NZ,1,1,1,0.0,0.0,0.01,4863
Allstop Fire Systems Pty Ltd,1,1,1,100.0,0.0,0.01,4864
Compare the Market,1,1,1,0.0,0.0,0.01,4865
The Container Group,1,1,1,0.0,0.0,0.01,4866
Catholic Education Diocese of Wagga Wagga,1,1,1,100.0,0.0,0.01,4867
Hospice West Auckland,1,1,1,0.0,0.0,0.01,4868
Sussan Corporation (Aust) Pty Ltd,1,1,1,0.0,0.0,0.01,4869
DONUT KING RAYMOND TERRACE,1,1,1,0.0,0.0,0.01,4870
Nautica,1,1,1,0.0,0.0,0.01,4871
The Luscombe Syndicate,1,1,1,0.0,0.0,0.01,4872
L H Perry & Sons Pty Ltd,1,1,1,0.0,0.0,0.01,4873
IGA Riverton,1,1,1,0.0,0.0,0.01,4874
MNF Group Limited,1,1,1,100.0,0.0,0.01,4875
Community Living Australia,1,1,1,0.0,0.0,0.01,4876
TLNT.,1,1,1,0.0,0.0,0.01,4877
Professionals Bankstown,1,1,1,0.0,0.0,0.01,4878
Apparel Eleven,1,1,1,0.0,0.0,0.01,4879
Hostplus Superannuation,1,1,1,0.0,0.0,0.01,4880
City of Kwinana,1,1,1,0.0,0.0,0.01,4881
IBAC,1,1,1,100.0,0.0,0.01,4882
Rio Tinto,1,1,1,0.0,0.0,0.01,4883
Macquarie Telecom Group,1,1,1,0.0,0.0,0.01,4884
nikpol,1,1,1,0.0,0.0,0.01,4885
ANCA PTY LTD,1,1,1,0.0,0.0,0.01,4886
Jones Cracknell Starr,1,1,1,0.0,0.0,0.01,4887
AgriFutures Australia,1,1,1,0.0,0.0,0.01,4888
Gilshenan & Luton Legal Practice Pty Ltd,1,1,1,0.0,0.0,0.01,4889
M C Asphalt Pty Ltd,1,1,1,100.0,0.0,0.01,4890
KeepItSafe Australia,1,1,1,0.0,0.0,0.01,4891
iNova Pharmaceuticals,1,1,1,0.0,0.0,0.01,4892
Therapeutic Goods Administration,1,1,1,100.0,0.0,0.01,4893
Talentscope,1,1,1,100.0,0.0,0.01,4894
Attria Wine,1,1,1,100.0,0.0,0.01,4895
Glenelg Jetty Hotel,1,1,1,0.0,0.0,0.01,4896
General Stationery Supplies,1,1,1,0.0,0.0,0.01,4897
Boundary Bend Olives,1,1,1,0.0,0.0,0.01,4898
GMT People,1,1,1,100.0,0.0,0.01,4899
PAN Software Pty Ltd,1,1,1,0.0,0.0,0.01,4900
ME Bank,1,1,1,0.0,0.0,0.01,4901
Twilight Glamping,1,1,1,0.0,0.0,0.01,4902
CROSSMARK,1,1,1,0.0,0.0,0.01,4903
Ollie's Place,1,1,1,0.0,0.0,0.01,4904
Rosie Pose Event Hire,1,1,1,100.0,0.0,0.01,4905
St Vincent de Paul Society National Council,1,1,1,0.0,0.0,0.01,4906
Monash Health,1,1,1,0.0,0.0,0.01,4907
Thoroughbred Racing SA Ltd,1,1,1,0.0,0.0,0.01,4908
Freedom,1,1,1,0.0,0.0,0.01,4909
Statewide Superannuation Trust,1,1,1,0.0,0.0,0.01,4910
RTA Studio,1,1,1,0.0,0.0,0.01,4911
DDL Recruitment,1,1,1,100.0,0.0,0.01,4912
GAM air,1,1,1,0.0,0.0,0.01,4913
Apple Marketing Group,1,1,1,0.0,0.0,0.01,4914
Hawthorn Football Club,1,1,1,0.0,0.0,0.01,4915
AME Recruitment,1,1,1,0.0,0.0,0.01,4916
The Edgewater Resort and Spa,1,1,1,100.0,0.0,0.01,4917
Vemag Australia Pty Ltd,1,1,1,0.0,0.0,0.01,4918
Freedom Kitchens,1,1,1,0.0,0.0,0.01,4919
FIIG Securities,1,1,1,0.0,0.0,0.01,4920
Synaptron Pty Ltd,1,1,1,0.0,0.0,0.01,4921
Top Elevators,1,1,1,100.0,0.0,0.01,4922
Lantern Club,1,1,1,0.0,0.0,0.01,4923
Ramus,1,1,1,0.0,0.0,0.01,4924
Sunshine Eye Clinic,1,1,1,0.0,0.0,0.01,4925
Zap Fitness 24-7,1,1,1,0.0,0.0,0.01,4926
Brighton Automotive Group,1,1,1,0.0,0.0,0.01,4927
Aussie Enviro Excavations,1,1,1,100.0,0.0,0.01,4928
Undertow Media,1,1,1,0.0,0.0,0.01,4929
Digistorm,1,1,1,0.0,0.0,0.01,4930
Douglass Hanly Moir Pathology,1,1,1,0.0,0.0,0.01,4931
Blue Willows Residential Aged Care,1,1,1,0.0,0.0,0.01,4932
The Personnel Connection Pty Ltd,1,1,1,0.0,0.0,0.01,4933
Bay of Plenty District Health Board,1,1,1,0.0,0.0,0.01,4934
Closer Communications,1,1,1,0.0,0.0,0.01,4935
BTG Australasia,1,1,1,0.0,0.0,0.01,4936
Arise Hotels,1,1,1,0.0,0.0,0.01,4937
Interactive Therapies Ltd,1,1,1,0.0,0.0,0.01,4938
Belle Property Newtown,1,1,1,0.0,0.0,0.01,4939
Automotive Brands Group Pty Ltd,1,1,1,0.0,0.0,0.01,4940
Simone Perele,1,1,1,0.0,0.0,0.01,4941
Bookbinders Design,1,1,1,0.0,0.0,0.01,4942
Bayside Poolmart,1,1,1,0.0,0.0,0.01,4943
Tesla New Zealand,1,1,1,0.0,0.0,0.01,4944
Becton Dickinson Pty Ltd,1,1,1,0.0,0.0,0.01,4945
Cadia Group,1,1,1,0.0,0.0,0.01,4946
Edgar's Mission,1,1,1,100.0,0.0,0.01,4947
Cowra High School,1,1,1,0.0,0.0,0.01,4948
Tassal Operations Pty Ltd,1,1,1,0.0,0.0,0.01,4949
Intepeople Ltd,1,1,1,0.0,0.0,0.01,4950
Brisbane Christian College,1,1,1,0.0,0.0,0.01,4951
Atomic Group,1,1,1,100.0,0.0,0.01,4952
Edgemill Group Pty Ltd,1,1,1,0.0,0.0,0.01,4953
EscapeNet,1,1,1,0.0,0.0,0.01,4954
BrewHub,1,1,1,0.0,0.0,0.01,4955
All Star Property Group,1,1,1,0.0,0.0,0.01,4956
Corporate Travel Management,1,1,1,100.0,0.0,0.01,4957
Golden Key International Honour Society,1,1,1,100.0,0.0,0.01,4958
Melbourne Food and Brew,1,1,1,0.0,0.0,0.01,4959
Total Tyres,1,1,1,0.0,0.0,0.01,4960
WorkPac - Townsville,1,1,1,0.0,0.0,0.01,4961
Polycell International Pty Ltd,1,1,1,0.0,0.0,0.01,4962
Ascension Global,1,1,1,100.0,0.0,0.01,4963
RBC Business Solutions,1,1,1,0.0,0.0,0.01,4964
True Alliance,1,1,1,0.0,0.0,0.01,4965
Subway Atherton,1,1,1,100.0,0.0,0.01,4966
BL Marine Pty Ltd,1,1,1,0.0,0.0,0.01,4967
Cruise Bookkeeping Services,1,1,1,0.0,0.0,0.01,4968
BizCover,1,1,1,0.0,0.0,0.01,4969
Aotea Finance Limited,1,1,1,0.0,0.0,0.01,4970
The Water Shop,1,1,1,0.0,0.0,0.01,4971
Pinnacle People - Darwin,1,1,1,0.0,0.0,0.01,4972
KIDS FIRST,1,1,1,0.0,0.0,0.01,4973
Elizabeth Reiss & Associates Settle,1,1,1,0.0,0.0,0.01,4974
Rubix Solutions Pty Ltd,1,1,1,0.0,0.0,0.01,4975
Noel Leeming,1,1,1,100.0,0.0,0.01,4976
Cooper Road Service Ltd,1,1,1,0.0,0.0,0.01,4977
HelloCars,1,1,1,100.0,0.0,0.01,4978
Trivett Classic P/L,1,1,1,0.0,0.0,0.01,4979
HH Dental,1,1,1,100.0,0.0,0.01,4980
Experis AU,1,1,1,0.0,0.0,0.01,4981
Michael Page Property & Construction,1,1,1,0.0,0.0,0.01,4982
Micale Recruitment,1,1,1,0.0,0.0,0.01,4983
Healthe Care Australia Pty Ltd,1,1,1,0.0,0.0,0.01,4984
Galvin Recruitment,1,1,1,100.0,0.0,0.01,4985
AMES Australasia Pty Ltd,1,1,1,0.0,0.0,0.01,4986
Bay City Labs,1,1,1,0.0,0.0,0.01,4987
Chandler Macleod NZ,1,1,1,0.0,0.0,0.01,4988
Ruizean,1,1,1,100.0,0.0,0.01,4989
Enrich Living,1,1,1,0.0,0.0,0.01,4990
Puma Energy Australia,1,1,1,0.0,0.0,0.01,4991
St Paul's School,1,1,1,0.0,0.0,0.01,4992
Stamford Plaza Auckland,1,1,1,0.0,0.0,0.01,4993
FlameStop Australia,1,1,1,0.0,0.0,0.01,4994
City of Busselton,1,1,1,0.0,0.0,0.01,4995
icare,1,1,1,0.0,0.0,0.01,4996
Aquent,1,1,1,100.0,0.0,0.01,4997
Unite Resourcing,1,1,1,100.0,0.0,0.01,4998
Cashmere Village Natural Learning Centre,1,1,1,0.0,0.0,0.01,4999
The Ritz-Carlton Perth,1,1,1,0.0,0.0,0.01,5000
Air Control Australia Pty Ltd,1,1,1,0.0,0.0,0.01,5001
The Elastomers Pty Ltd,1,1,1,0.0,0.0,0.01,5002
Allied Press Limited,1,1,1,0.0,0.0,0.01,5003
Investors Edge Real Estate,1,1,1,100.0,0.0,0.01,5004
Mildura Toyota,1,1,1,0.0,0.0,0.01,5005
RPS,1,1,1,0.0,0.0,0.01,5006
Advanced National Services,1,1,1,0.0,0.0,0.01,5007
Universal Candy,1,1,1,0.0,0.0,0.01,5008
Hope Community Services Inc,1,1,1,100.0,0.0,0.01,5009
Westwise Recruitment,1,1,1,100.0,0.0,0.01,5010
PoolWerx Surfers Paradise,1,1,1,100.0,0.0,0.01,5011
Community Enterprise Queensland,1,1,1,0.0,0.0,0.01,5012
Haynes Group,1,1,1,100.0,0.0,0.01,5013
NES Global Talent,1,1,1,0.0,0.0,0.01,5014
One Power,1,1,1,100.0,0.0,0.01,5015
ESE Recruitment,1,1,1,0.0,0.0,0.01,5016
Sphere Drones,1,1,1,0.0,0.0,0.01,5017
Freelancer.com,1,1,1,0.0,0.0,0.01,5018
NTI Ltd,1,1,1,100.0,0.0,0.01,5019
Fresh Fields Aged Care,1,1,1,0.0,0.0,0.01,5020
44 Recruitment,1,1,1,100.0,0.0,0.01,5021
Ivan's excavations and concreting,1,1,1,100.0,0.0,0.01,5022
The NATIVES Co.,1,1,1,0.0,0.0,0.01,5023
Anytime Fitness,1,1,1,0.0,0.0,0.01,5024
Quest Scarborough,1,1,1,0.0,0.0,0.01,5025
Yoga Australia,1,1,1,0.0,0.0,0.01,5026
Missy Mops Housekeeping,1,1,1,0.0,0.0,0.01,5027
Inspire Support,1,1,1,100.0,0.0,0.01,5028
RSPCA QLD,1,1,1,0.0,0.0,0.01,5029
Ballistix Australia,1,1,1,100.0,0.0,0.01,5030
Department of the Prime Minister and Cabinet,1,1,1,0.0,0.0,0.01,5031
Resource Solutions Group Pty Ltd,1,1,1,0.0,0.0,0.01,5032
Western Sydney University Early Learning LTD,1,1,1,0.0,0.0,0.01,5033
ALH Group - Millers Inn,1,1,1,0.0,0.0,0.01,5034
Scania Australia Pty Ltd,1,1,1,0.0,0.0,0.01,5035
Nolan's Interstate Transport,1,1,1,0.0,0.0,0.01,5036
Fuel & Gas Haulage,1,1,1,0.0,0.0,0.01,5037
Britone Holdings Pty Ltd,1,1,1,0.0,0.0,0.01,5038
Q Station Sydney Harbour National Park,1,1,1,0.0,0.0,0.01,5039
Best Labour Ltd,1,1,1,0.0,0.0,0.01,5040
WHH Group,1,1,1,100.0,0.0,0.01,5041
Bhagwan Marine,1,1,1,0.0,0.0,0.01,5042
AFSL Group,1,1,1,0.0,0.0,0.01,5043
Xecutive Recruitment Pty Ltd,1,1,1,0.0,0.0,0.01,5044
Australian Lightweight Products,1,1,1,0.0,0.0,0.01,5045
Pacific Automation,1,1,1,0.0,0.0,0.01,5046
Alliance Group Ltd,1,1,1,0.0,0.0,0.01,5047
UPG,1,1,1,100.0,0.0,0.01,5048
Armstrong Flooring Pty Ltd,1,1,1,0.0,0.0,0.01,5049
RetPro,1,1,1,0.0,0.0,0.01,5050
WA Local Government Association,1,1,1,100.0,0.0,0.01,5051
Australian Meat Group,1,1,1,0.0,0.0,0.01,5052
Australian Cosmetic Group,1,1,1,0.0,0.0,0.01,5053
AMS Commercial Solutions Pty Ltd,1,1,1,0.0,0.0,0.01,5054
TCC and Black Betty,1,1,1,0.0,0.0,0.01,5055
OLC Care,1,1,1,0.0,0.0,0.01,5056
Vetpartners Australia,1,1,1,0.0,0.0,0.01,5057
Good Shepherd Australia New Zealand,1,1,1,0.0,0.0,0.01,5058
Ray White Wilston,1,1,1,100.0,0.0,0.01,5059
Commonwealth Bank - Marketing,1,1,1,0.0,0.0,0.01,5060
Mexex Pty Ltd,1,1,1,0.0,0.0,0.01,5061
Fleetsu,1,1,1,0.0,0.0,0.01,5062
Nicriel Partners Pty Ltd,1,1,1,100.0,0.0,0.01,5063
OneStaff Nelson,1,1,1,0.0,0.0,0.01,5064
Wesley Mission Queensland,1,1,1,0.0,0.0,0.01,5065
Hunter Recruitment Group,1,1,1,0.0,0.0,0.01,5066
WebVine,1,1,1,100.0,0.0,0.01,5067
Byron Bay Bronze,1,1,1,0.0,0.0,0.01,5068
MGG Australia,1,1,1,100.0,0.0,0.01,5069
Yummy Snack Foods,1,1,1,100.0,0.0,0.01,5070
Shangri-La Hotel Sydney,1,1,1,0.0,0.0,0.01,5071
SEEK Limited,1,1,1,0.0,0.0,0.01,5072
Active Rehabilitation Physiotherapy,1,1,1,0.0,0.0,0.01,5073
Carlisle Homes,1,1,1,0.0,0.0,0.01,5074
Choice Energy,1,1,1,100.0,0.0,0.01,5075
NightOwl Convenience Stores,1,1,1,0.0,0.0,0.01,5076
Netstrata,1,1,1,0.0,0.0,0.01,5077
Spectar,1,1,1,100.0,0.0,0.01,5078
Land Transport,1,1,1,0.0,0.0,0.01,5079
Category 5 Labour Management,1,1,1,0.0,0.0,0.01,5080
Melbourne Safety Services,1,1,1,0.0,0.0,0.01,5081
Unique Health Products,1,1,1,0.0,0.0,0.01,5082
Tekapo Springs,1,1,1,0.0,0.0,0.01,5083
Australian Bureau of Statistics,1,1,1,100.0,0.0,0.01,5084
Huffer,1,1,1,0.0,0.0,0.01,5085
BNK Banking Corporation Limited,1,1,1,0.0,0.0,0.01,5086
Rivet Mining Services,1,1,1,0.0,0.0,0.01,5087
Landmark Investments,1,1,1,0.0,0.0,0.01,5088
Pionair Australia Pty Ltd,1,1,1,0.0,0.0,0.01,5089
Recreational Services,1,1,1,0.0,0.0,0.01,5090
OzCar,1,1,1,0.0,0.0,0.01,5091
CNH Industrial Australia Pty Limited,1,1,1,0.0,0.0,0.01,5092
Stem 2 Stern Marine,1,1,1,100.0,0.0,0.01,5093
National Heavy Vehicle Regulator,1,1,1,0.0,0.0,0.01,5094
Prosegur Australia,1,1,1,0.0,0.0,0.01,5095
J.P Morgan,1,1,1,0.0,0.0,0.01,5096
cairns holiday specialists,1,1,1,0.0,0.0,0.01,5097
Fairview Retirement Village,1,1,1,0.0,0.0,0.01,5098
South Australia Police,1,1,1,100.0,0.0,0.01,5099
Toshiba,1,1,1,0.0,0.0,0.01,5100
Neurosensory,1,1,1,0.0,0.0,0.01,5101
Shire of Broome,1,1,1,100.0,0.0,0.01,5102
J.J. Richards & Sons Pty Ltd,1,1,1,100.0,0.0,0.01,5103
Cement Australia Pty Limited,1,1,1,0.0,0.0,0.01,5104
Teys Australia Jobs,1,1,1,100.0,0.0,0.01,5105
Catering HQ,1,1,1,100.0,0.0,0.01,5106
The Australian War Memorial,1,1,1,100.0,0.0,0.01,5107
Technical Fitness,1,1,1,100.0,0.0,0.01,5108
Murray River Council,1,1,1,0.0,0.0,0.01,5109
Psychology Melbourne,1,1,1,0.0,0.0,0.01,5110
ALH Group - Indooroopilly Hotel,1,1,1,0.0,0.0,0.01,5111
Hornsby Shire Council,1,1,1,0.0,0.0,0.01,5112
Daydream Island Resort,1,1,1,0.0,0.0,0.01,5113
EPICURE,1,1,1,0.0,0.0,0.01,5114
Mercedes-Benz Cars,1,1,1,0.0,0.0,0.01,5115
ERGT Australia,1,1,1,0.0,0.0,0.01,5116
MUSA,1,1,1,100.0,0.0,0.01,5117
Tronox Management Pty. Ltd,1,1,1,0.0,0.0,0.01,5118
Alfagomma Australia,1,1,1,0.0,0.0,0.01,5119
Topstart Hire Pty Ltd,1,1,1,0.0,0.0,0.01,5120
Southside Staffing Solutions,1,1,1,0.0,0.0,0.01,5121
Latitude IT,1,1,1,100.0,0.0,0.01,5122
Dissh,1,1,1,0.0,0.0,0.01,5123
Deakin University,1,1,1,0.0,0.0,0.01,5124
Victorian Health Promotion Foundation,1,1,1,0.0,0.0,0.01,5125
WorkPac - Rio Tinto Professional,1,1,1,0.0,0.0,0.01,5126
Belle Property Hunter Valley,1,1,1,0.0,0.0,0.01,5127
Smile Time Orthodontics,1,1,1,0.0,0.0,0.01,5128
Coombe Yarra Valley,1,1,1,0.0,0.0,0.01,5129
NAATI,1,1,1,0.0,0.0,0.01,5130
Prima Printing Pty Ltd,1,1,1,0.0,0.0,0.01,5131
ResearchMaster,1,1,1,0.0,0.0,0.01,5132
Campaspe Shire Council,1,1,1,0.0,0.0,0.01,5133
Build-Search Group,1,1,1,100.0,0.0,0.01,5134
Kosec,1,1,1,100.0,0.0,0.01,5135
Our Town Fencing,1,1,1,0.0,0.0,0.01,5136
Habitat Pet Supplies,1,1,1,0.0,0.0,0.01,5137
PILLAR PRODUCTS,1,1,1,100.0,0.0,0.01,5138
St George's Anglican Grammar School,1,1,1,0.0,0.0,0.01,5139
RSCG Australia Pty Ltd,1,1,1,0.0,0.0,0.01,5140
AHL Legal,1,1,1,0.0,0.0,0.01,5141
SSI,1,1,1,0.0,0.0,0.01,5142
Avocado Consulting,1,1,1,0.0,0.0,0.01,5143
WorkforceXS Monbulk,1,1,1,0.0,0.0,0.01,5144
Non Profit Training,1,1,1,0.0,0.0,0.01,5145
National Institute of Technology Pty Ltd,1,1,1,0.0,0.0,0.01,5146
Provender Australia,1,1,1,0.0,0.0,0.01,5147
Catalyst Training,1,1,1,0.0,0.0,0.01,5148
YOMG,1,1,1,0.0,0.0,0.01,5149
Waratah Group,1,1,1,0.0,0.0,0.01,5150
FreshFood Australia,1,1,1,0.0,0.0,0.01,5151
Hoyne,1,1,1,0.0,0.0,0.01,5152
Compassion Australia,1,1,1,0.0,0.0,0.01,5153
Adecco Office,1,1,1,0.0,0.0,0.01,5154
Save the Children Australia,1,1,1,100.0,0.0,0.01,5155
United Overseas Bank Ltd,1,1,1,0.0,0.0,0.01,5156
Accru Melbourne,1,1,1,0.0,0.0,0.01,5157
LVMH Perfumes & Cosmetics,1,1,1,0.0,0.0,0.01,5158
University of Tasmania,1,1,1,0.0,0.0,0.01,5159
LSC,1,1,1,0.0,0.0,0.01,5160
Lawson Sideloader Services Pty Ltd,1,1,1,0.0,0.0,0.01,5161
InIndustry,1,1,1,100.0,0.0,0.01,5162
Modibodi,1,1,1,0.0,0.0,0.01,5163
SuperConcepts,1,1,1,0.0,0.0,0.01,5164
New South Wales Teaches Federation,1,1,1,0.0,0.0,0.01,5165
Dench Bakers Pty Ltd,1,1,1,0.0,0.0,0.01,5166
District Council of Franklin Harbour,1,1,1,0.0,0.0,0.01,5167
CENTENARY HOTEL PIMLICO,1,1,1,0.0,0.0,0.01,5168
Lighting Illusions Pty Ltd,1,1,1,0.0,0.0,0.01,5169
St Catherine's School,1,1,1,0.0,0.0,0.01,5170
Fusion People Pty Ltd,1,1,1,100.0,0.0,0.01,5171
Broad Group Holdings Pty Ltd,1,1,1,0.0,0.0,0.01,5172
Essilor Australia Pty Ltd,1,1,1,0.0,0.0,0.01,5173
thatsamorecheese,1,1,1,0.0,0.0,0.01,5174
Peikko Australia Pty Ltd,1,1,1,100.0,0.0,0.01,5175
Kennards Hire,1,1,1,0.0,0.0,0.01,5176
Talk Scoop,1,1,1,0.0,0.0,0.01,5177
Quality centre food Service P/L,1,1,1,0.0,0.0,0.01,5178
AFL Players Association,1,1,1,0.0,0.0,0.01,5179
Alltrade Services,1,1,1,100.0,0.0,0.01,5180
Adelaide Primary Health Network Limited,1,1,1,0.0,0.0,0.01,5181
Marnong Estate,1,1,1,0.0,0.0,0.01,5182
Harvest DP,1,1,1,100.0,0.0,0.01,5183
Essential Chiropractic & Healthcare Clinic,1,1,1,0.0,0.0,0.01,5184
Pan Pacific Melbourne,1,1,1,100.0,0.0,0.01,5185
QT Sydney,1,1,1,0.0,0.0,0.01,5186
DB HOMES AUSTRALIA PTY LTD,1,1,1,0.0,0.0,0.01,5187
Antal Consulting,1,1,1,100.0,0.0,0.01,5188
All Hot Water Service Pty Ltd,1,1,1,0.0,0.0,0.01,5189
Jetstar,1,1,1,100.0,0.0,0.01,5190
Hume Bank,1,1,1,100.0,0.0,0.01,5191
Affix Group,1,1,1,0.0,0.0,0.01,5192
Loki,1,1,1,100.0,0.0,0.01,5193
Barratt Galvin,1,1,1,0.0,0.0,0.01,5194
Viterra,1,1,1,0.0,0.0,0.01,5195
Sharp & Carter Marketing,1,1,1,0.0,0.0,0.01,5196
Specsavers Bairnsdale,1,1,1,0.0,0.0,0.01,5197
Health Education and Training Institute,1,1,1,0.0,0.0,0.01,5198
Simonds Homes,1,1,1,100.0,0.0,0.01,5199
Jo-Anne Collier Recruitment,1,1,1,0.0,0.0,0.01,5200
First Choice Care,1,1,1,0.0,0.0,0.01,5201
"BreakFree Hotels, Resorts and Apartments",1,1,1,0.0,0.0,0.01,5202
BMS,1,1,1,0.0,0.0,0.01,5203
Secrets Shhh,1,1,1,100.0,0.0,0.01,5204
Accor Vacation Club,1,1,1,0.0,0.0,0.01,5205
ALS Minerals - Geochemistry Services,1,1,1,0.0,0.0,0.01,5206
Hungry Jack's Pty Ltd,1,1,1,0.0,0.0,0.01,5207
Merit Medical Australia Pty Ltd,1,1,1,0.0,0.0,0.01,5208
ELEVATE RECRUITMENT,1,1,1,100.0,0.0,0.01,5209
Plenty Valley International Montessori School,1,1,1,0.0,0.0,0.01,5210
SustainDigital,1,1,1,0.0,0.0,0.01,5211
RSP Automotive & Industrial Pty. Ltd.,1,1,1,0.0,0.0,0.01,5212
Bell Plaster Supplies Pty Ltd,1,1,1,0.0,0.0,0.01,5213
Datacom,1,1,1,0.0,0.0,0.01,5214
Halcyon House,1,1,1,0.0,0.0,0.01,5215
The Standard Market Company,1,1,1,0.0,0.0,0.01,5216
